Grand Prix,Date,Winner,Car,Laps,Time,Name Code
Great Britain,1950-05-13,Nino  Farina ,Alfa Romeo,70.0,2:13:23.600,FAR
Monaco,1950-05-21,Juan Manuel  Fangio ,Alfa Romeo,100.0,3:13:18.700,FAN
Indianapolis 500,1950-05-30,Johnnie Parsons ,Kurtis Kraft Offenhauser,138.0,2:46:55.970,PAR
Switzerland,1950-06-04,Nino  Farina ,Alfa Romeo,42.0,2:02:53.700,FAR
Belgium,1950-06-18,Juan Manuel  Fangio ,Alfa Romeo,35.0,2:47:26.000,FAN
France,1950-07-02,Juan Manuel  Fangio ,Alfa Romeo,64.0,2:57:52.800,FAN
Italy,1950-09-03,Nino  Farina ,Alfa Romeo,80.0,2:51:17.400,FAR
Switzerland,1951-05-27,Juan Manuel  Fangio ,Alfa Romeo,42.0,2:07:53.640,FAN
Indianapolis 500,1951-05-30,Lee  Wallard ,Kurtis Kraft Offenhauser,200.0,3:57:38.050,WAL
Belgium,1951-06-17,Nino  Farina ,Alfa Romeo,36.0,2:45:46.200,FAR
France,1951-07-01,Juan Manuel  Fangio ,Alfa Romeo,77.0,3:22:11.000,FAN
France,1951-07-01,Luigi  Fagioli ,Alfa Romeo,,,FAG
Great Britain,1951-07-14,Jose Froilan  Gonzalez ,Ferrari,90.0,2:42:18.200,GON
Germany,1951-07-29,Alberto  Ascari ,Ferrari,20.0,3:23:03.300,ASC
Italy,1951-09-16,Alberto  Ascari ,Ferrari,80.0,2:42:39.300,ASC
Spain,1951-10-28,Juan Manuel  Fangio ,Alfa Romeo,70.0,2:46:54.100,FAN
Switzerland,1952-05-18,Piero Taruffi ,Ferrari,62.0,3:01:46.100,TAR
Indianapolis 500,1952-05-30,Troy  Ruttman ,Kuzma Offenhauser,200.0,3:52:41.880,RUT
Belgium,1952-06-22,Alberto  Ascari ,Ferrari,36.0,3:03:46.300,ASC
France,1952-07-06,Alberto  Ascari ,Ferrari,77.0,3:00:00.000,ASC
Great Britain,1952-07-19,Alberto  Ascari ,Ferrari,85.0,2:44:11.000,ASC
Germany,1952-08-03,Alberto  Ascari ,Ferrari,18.0,3:06:13.300,ASC
Netherlands,1952-08-17,Alberto  Ascari ,Ferrari,90.0,2:53:28.500,ASC
Italy,1952-09-07,Alberto  Ascari ,Ferrari,80.0,2:50:45.600,ASC
Argentina,1953-01-18,Alberto  Ascari ,Ferrari,97.0,3:01:04.600,ASC
Indianapolis 500,1953-05-30,Bill Vukovich,Kurtis Kraft Offenhauser,200.0,3:53:01.690,VUK
Netherlands,1953-06-07,Alberto  Ascari ,Ferrari,90.0,2:53:35.800,ASC
Belgium,1953-06-21,Alberto  Ascari ,Ferrari,36.0,2:48:30.300,ASC
France,1953-07-05,Mike  Hawthorn ,Ferrari,60.0,2:44:18.600,HAW
Great Britain,1953-07-18,Alberto  Ascari ,Ferrari,90.0,2:50:00.000,ASC
Germany,1953-08-02,Nino  Farina ,Ferrari,18.0,3:02:25.000,FAR
Switzerland,1953-08-23,Alberto  Ascari ,Ferrari,65.0,3:01:34.400,ASC
Italy,1953-09-13,Juan Manuel  Fangio ,Maserati,80.0,2:49:45.900,FAN
Argentina,1954-01-17,Juan Manuel  Fangio ,Maserati,87.0,3:00:55.800,FAN
Indianapolis 500,1954-05-31,Bill Vukovich,Kurtis Kraft Offenhauser,200.0,3:49:17.270,VUK
Belgium,1954-06-20,Juan Manuel  Fangio ,Maserati,36.0,2:44:42.400,FAN
France,1954-07-04,Juan Manuel  Fangio ,Mercedes-Benz,61.0,2:42:47.900,FAN
Great Britain,1954-07-17,Jose Froilan  Gonzalez ,Ferrari,90.0,2:56:14.000,GON
Germany,1954-08-01,Juan Manuel  Fangio ,Mercedes-Benz,22.0,3:45:45.800,FAN
Switzerland,1954-08-22,Juan Manuel  Fangio ,Mercedes-Benz,66.0,3:00:34.500,FAN
Italy,1954-09-05,Juan Manuel  Fangio ,Mercedes-Benz,80.0,2:47:47.900,FAN
Spain,1954-10-24,Mike  Hawthorn ,Ferrari,80.0,3:13:52.100,HAW
Argentina,1955-01-16,Juan Manuel  Fangio ,Mercedes-Benz,96.0,3:00:38.600,FAN
Monaco,1955-05-22,Maurice Trintignant ,Ferrari,100.0,2:58:09.700,TRI
Indianapolis 500,1955-05-30,Bob  Sweikert ,Kurtis Kraft Offenhauser,200.0,3:53:59.530,SWE
Belgium,1955-06-05,Juan Manuel  Fangio ,Mercedes-Benz,36.0,2:39:29.000,FAN
Netherlands,1955-06-19,Juan Manuel  Fangio ,Mercedes-Benz,100.0,2:54:23.800,FAN
Great Britain,1955-07-16,Stirling  Moss ,Mercedes-Benz,90.0,3:07:21.200,MOS
Italy,1955-09-11,Juan Manuel  Fangio ,Mercedes-Benz,50.0,2:25:04.400,FAN
Argentina,1956-01-22,Luigi  Musso ,Ferrari,,,MUS
Argentina,1956-01-22,Juan Manuel  Fangio ,Ferrari,98.0,3:00:03.700,FAN
Monaco,1956-05-13,Stirling  Moss ,Maserati,100.0,3:00:32.900,MOS
Indianapolis 500,1956-05-30,Pat  Flaherty ,Watson Offenhauser,200.0,3:53:28.840,FLA
Belgium,1956-06-03,Peter  Collins ,Ferrari,36.0,2:40:00.300,COL
France,1956-07-01,Peter  Collins ,Ferrari,61.0,2:34:23.400,COL
Great Britain,1956-07-14,Juan Manuel  Fangio ,Ferrari,101.0,2:59:47.000,FAN
Germany,1956-08-05,Juan Manuel  Fangio ,Ferrari,22.0,3:38:43.700,FAN
Italy,1956-09-02,Stirling  Moss ,Maserati,50.0,2:23:41.300,MOS
Argentina,1957-01-13,Juan Manuel  Fangio ,Maserati,100.0,3:00:55.900,FAN
Monaco,1957-05-19,Juan Manuel  Fangio ,Maserati,105.0,3:10:12.800,FAN
Indianapolis 500,1957-05-30,Sam  Hanks ,Epperly Offenhauser,200.0,3:41:14.250,HAN
France,1957-07-07,Juan Manuel  Fangio ,Maserati,77.0,3:07:46.400,FAN
Great Britain,1957-07-20,Stirling  Moss ,Vanwall,90.0,3:06:37.800,MOS
Great Britain,1957-07-20,Tony  Brooks ,Vanwall,,,BRO
Germany,1957-08-04,Juan Manuel  Fangio ,Maserati,22.0,3:30:38.300,FAN
Pescara,1957-08-18,Stirling  Moss ,Vanwall,18.0,2:59:22.700,MOS
Italy,1957-09-08,Stirling  Moss ,Vanwall,87.0,2:35:03.900,MOS
Argentina,1958-01-19,Stirling  Moss ,Cooper Climax,80.0,2:19:33.700,MOS
Monaco,1958-05-18,Maurice Trintignant ,Cooper Climax,100.0,2:52:27.900,TRI
Netherlands,1958-05-26,Stirling  Moss ,Vanwall,75.0,2:04:49.200,MOS
Indianapolis 500,1958-05-30,Jimmy  Bryan ,Epperly Offenhauser,200.0,3:44:13.800,BRY
Belgium,1958-06-15,Tony  Brooks ,Vanwall,24.0,1:37:06.300,BRO
France,1958-07-06,Mike  Hawthorn ,Ferrari,50.0,2:03:21.300,HAW
Great Britain,1958-07-19,Peter  Collins ,Ferrari,75.0,2:09:04.200,COL
Germany,1958-08-03,Tony  Brooks ,Vanwall,15.0,2:21:15.000,BRO
Portugal,1958-08-24,Stirling  Moss ,Vanwall,50.0,2:11:27.800,MOS
Italy,1958-09-07,Tony  Brooks ,Vanwall,70.0,2:03:47.800,BRO
Morocco,1958-10-19,Stirling  Moss ,Vanwall,53.0,2:09:15.100,MOS
Monaco,1959-05-10,Jack  Brabham ,Cooper Climax,100.0,2:55:51.300,BRA
Indianapolis 500,1959-05-30,Rodger  Ward ,Watson Offenhauser,200.0,3:40:49.200,WAR
Netherlands,1959-05-31,Jo  Bonnier ,BRM,75.0,2:05:26.800,BON
France,1959-07-05,Tony  Brooks ,Ferrari,50.0,2:01:26.500,BRO
Great Britain,1959-07-18,Jack  Brabham ,Cooper Climax,75.0,2:30:11.600,BRA
Germany,1959-08-02,Tony  Brooks ,Ferrari,60.0,2:09:31.600,BRO
Portugal,1959-08-23,Stirling  Moss ,Cooper Climax,62.0,2:11:55.410,MOS
Italy,1959-09-13,Stirling  Moss ,Cooper Climax,72.0,2:04:05.400,MOS
United States,1959-12-12,Bruce  McLaren ,Cooper Climax,42.0,2:12:35.700,MCL
Argentina,1960-02-07,Bruce  McLaren ,Cooper Climax,80.0,2:17:49.500,MCL
Monaco,1960-05-29,Stirling  Moss ,Lotus Climax,100.0,2:53:45.500,MOS
Indianapolis 500,1960-05-30,Jim  Rathmann ,Watson Offenhauser,200.0,3:36:11.360,RAT
Netherlands,1960-06-06,Jack  Brabham ,Cooper Climax,75.0,2:01:47.200,BRA
Belgium,1960-06-19,Jack  Brabham ,Cooper Climax,36.0,2:21:37.300,BRA
France,1960-07-03,Jack  Brabham ,Cooper Climax,50.0,1:57:24.900,BRA
Great Britain,1960-07-16,Jack  Brabham ,Cooper Climax,77.0,2:04:24.600,BRA
Portugal,1960-08-14,Jack  Brabham ,Cooper Climax,55.0,2:19:00.030,BRA
Italy,1960-09-04,Phil  Hill ,Ferrari,50.0,2:21:09.200,HIL
United States,1960-11-20,Stirling  Moss ,Lotus Climax,75.0,2:28:52.200,MOS
Monaco,1961-05-14,Stirling  Moss ,Lotus Climax,100.0,2:45:50.100,MOS
Netherlands,1961-05-22,Wolfgang  von Trips ,Ferrari,75.0,2:01:52.100,VON
Belgium,1961-06-18,Phil  Hill ,Ferrari,30.0,2:03:03.800,HIL
France,1961-07-02,Giancarlo  Baghetti ,Ferrari,52.0,2:14:17.500,BAG
Great Britain,1961-07-15,Wolfgang  von Trips ,Ferrari,75.0,2:40:53.600,VON
Germany,1961-08-06,Stirling  Moss ,Lotus Climax,15.0,2:18:12.400,MOS
Italy,1961-09-10,Phil  Hill ,Ferrari,43.0,2:03:13.000,HIL
United States,1961-10-08,Innes  Ireland ,Lotus Climax,100.0,2:13:45.800,IRE
Netherlands,1962-05-20,Graham  Hill ,BRM,80.0,2:11:02.100,HIL
Monaco,1962-06-03,Bruce  McLaren ,Cooper Climax,100.0,2:46:29.700,MCL
Belgium,1962-06-17,Jim  Clark ,Lotus Climax,32.0,2:07:32.300,CLA
France,1962-07-08,Dan  Gurney ,Porsche,54.0,2:07:35.500,GUR
Great Britain,1962-07-21,Jim  Clark ,Lotus Climax,75.0,2:26:20.800,CLA
Germany,1962-08-05,Graham  Hill ,BRM,15.0,2:38:45.300,HIL
Italy,1962-09-16,Graham  Hill ,BRM,86.0,2:29:08.400,HIL
United States,1962-10-07,Jim  Clark ,Lotus Climax,100.0,2:07:13.000,CLA
South Africa,1962-12-29,Graham  Hill ,BRM,82.0,2:08:03.300,HIL
Monaco,1963-05-26,Graham  Hill ,BRM,100.0,2:41:49.700,HIL
Belgium,1963-06-09,Jim  Clark ,Lotus Climax,32.0,2:27:47.600,CLA
Netherlands,1963-06-23,Jim  Clark ,Lotus Climax,80.0,2:08:13.700,CLA
France,1963-06-30,Jim  Clark ,Lotus Climax,53.0,2:10:54.300,CLA
Great Britain,1963-07-20,Jim  Clark ,Lotus Climax,82.0,2:14:09.600,CLA
Germany,1963-08-04,John  Surtees ,Ferrari,15.0,2:13:06.800,SUR
Italy,1963-09-08,Jim  Clark ,Lotus Climax,86.0,2:24:19.600,CLA
United States,1963-10-06,Graham  Hill ,BRM,110.0,2:19:22.100,HIL
Mexico,1963-10-27,Jim  Clark ,Lotus Climax,65.0,2:09:52.100,CLA
South Africa,1963-12-28,Jim  Clark ,Lotus Climax,85.0,2:10:36.900,CLA
Monaco,1964-05-10,Graham  Hill ,BRM,100.0,2:41:19.500,HIL
Netherlands,1964-05-24,Jim  Clark ,Lotus Climax,80.0,2:07:35.400,CLA
Belgium,1964-06-14,Jim  Clark ,Lotus Climax,32.0,2:06:40.500,CLA
France,1964-06-28,Dan  Gurney ,Brabham Climax,57.0,2:07:49.100,GUR
Great Britain,1964-07-11,Jim  Clark ,Lotus Climax,80.0,2:15:07.000,CLA
Germany,1964-08-02,John  Surtees ,Ferrari,15.0,2:12:04.800,SUR
Austria,1964-08-23,Lorenzo  Bandini ,Ferrari,105.0,2:06:18.230,BAN
Italy,1964-09-06,John  Surtees ,Ferrari,78.0,2:10:51.800,SUR
United States,1964-10-04,Graham  Hill ,BRM,110.0,2:16:38.000,HIL
Mexico,1964-10-25,Dan  Gurney ,Brabham Climax,65.0,2:09:50.320,GUR
South Africa,1965-01-01,Jim  Clark ,Lotus Climax,85.0,2:06:46.000,CLA
Monaco,1965-05-30,Graham  Hill ,BRM,100.0,2:37:39.600,HIL
Belgium,1965-06-13,Jim  Clark ,Lotus Climax,32.0,2:23:34.800,CLA
France,1965-06-27,Jim  Clark ,Lotus Climax,40.0,2:14:38.400,CLA
Great Britain,1965-07-10,Jim  Clark ,Lotus Climax,80.0,2:05:25.400,CLA
Netherlands,1965-07-18,Jim  Clark ,Lotus Climax,80.0,2:03:59.100,CLA
Germany,1965-08-01,Jim  Clark ,Lotus Climax,15.0,2:07:52.400,CLA
Italy,1965-09-12,Jackie  Stewart ,BRM,76.0,2:04:52.800,STE
United States,1965-10-03,Graham  Hill ,BRM,110.0,2:20:36.100,HIL
Mexico,1965-10-24,Richie  Ginther ,Honda,65.0,2:08:32.100,GIN
Monaco,1966-05-22,Jackie  Stewart ,BRM,100.0,2:33:10.500,STE
Belgium,1966-06-12,John  Surtees ,Ferrari,28.0,2:09:11.300,SUR
France,1966-07-03,Jack  Brabham ,Brabham Repco,48.0,1:48:31.300,BRA
Great Britain,1966-07-16,Jack  Brabham ,Brabham Repco,80.0,2:13:13.400,BRA
Netherlands,1966-07-24,Jack  Brabham ,Brabham Repco,90.0,2:20:32.500,BRA
Germany,1966-08-07,Jack  Brabham ,Brabham Repco,15.0,2:27:03.000,BRA
Italy,1966-09-04,Ludovico  Scarfiotti ,Ferrari,68.0,1:47:14.800,SCA
United States,1966-10-02,Jim  Clark ,Lotus BRM,108.0,2:09:40.100,CLA
Mexico,1966-10-23,John  Surtees ,Cooper Maserati,65.0,2:06:35.340,SUR
South Africa,1967-01-02,Pedro  Rodriguez ,Cooper Maserati,80.0,2:05:45.900,ROD
Monaco,1967-05-07,Denny  Hulme ,Brabham Repco,100.0,2:34:34.300,HUL
Netherlands,1967-06-04,Jim  Clark ,Lotus Ford,90.0,2:14:45.100,CLA
Belgium,1967-06-18,Dan  Gurney ,Eagle Weslake,28.0,1:40:49.400,GUR
France,1967-07-02,Jack  Brabham ,Brabham Repco,80.0,2:13:21.300,BRA
Great Britain,1967-07-15,Jim  Clark ,Lotus Ford,80.0,1:59:25.600,CLA
Germany,1967-08-06,Denny  Hulme ,Brabham Repco,15.0,2:05:55.700,HUL
Canada,1967-08-27,Jack  Brabham ,Brabham Repco,90.0,2:40:40.000,BRA
Italy,1967-09-10,John  Surtees ,Honda,68.0,1:43:45.000,SUR
United States,1967-10-01,Jim  Clark ,Lotus Ford,108.0,2:03:13.200,CLA
Mexico,1967-10-22,Jim  Clark ,Lotus Ford,65.0,1:59:28.700,CLA
South Africa,1968-01-01,Jim  Clark ,Lotus Ford,80.0,1:53:56.600,CLA
Spain,1968-05-12,Graham  Hill ,Lotus Ford,90.0,2:15:20.100,HIL
Monaco,1968-05-26,Graham  Hill ,Lotus Ford,80.0,2:00:32.300,HIL
Belgium,1968-06-09,Bruce  McLaren ,McLaren Ford,28.0,1:40:02.100,MCL
Netherlands,1968-06-23,Jackie  Stewart ,Matra Ford,90.0,2:46:11.260,STE
France,1968-07-07,Jacky  Ickx ,Ferrari,60.0,2:25:40.900,ICK
Great Britain,1968-07-20,Jo  Siffert ,Lotus Ford,80.0,2:01:20.300,SIF
Germany,1968-08-04,Jackie  Stewart ,Matra Ford,14.0,2:19:03.200,STE
Italy,1968-09-08,Denny  Hulme ,McLaren Ford,68.0,1:40:14.800,HUL
Canada,1968-09-22,Denny  Hulme ,McLaren Ford,90.0,2:27:11.200,HUL
United States,1968-10-06,Jackie  Stewart ,Matra Ford,108.0,1:59:20.290,STE
Mexico,1968-11-03,Graham  Hill ,Lotus Ford,65.0,1:56:43.950,HIL
South Africa,1969-03-01,Jackie  Stewart ,Matra Ford,80.0,1:50:39.100,STE
Spain,1969-05-04,Jackie  Stewart ,Matra Ford,90.0,2:16:53.990,STE
Monaco,1969-05-18,Graham  Hill ,Lotus Ford,80.0,1:56:59.400,HIL
Netherlands,1969-06-21,Jackie  Stewart ,Matra Ford,90.0,2:06:42.080,STE
France,1969-07-06,Jackie  Stewart ,Matra Ford,38.0,1:56:47.400,STE
Great Britain,1969-07-19,Jackie  Stewart ,Matra Ford,84.0,1:55:55.600,STE
Germany,1969-08-03,Jacky  Ickx ,Brabham Ford,14.0,1:49:55.400,ICK
Italy,1969-09-07,Jackie  Stewart ,Matra Ford,68.0,1:39:11.260,STE
Canada,1969-09-20,Jacky  Ickx ,Brabham Ford,90.0,1:59:25.700,ICK
United States,1969-10-05,Jochen  Rindt ,Lotus Ford,108.0,1:57:56.840,RIN
Mexico,1969-10-19,Denny  Hulme ,McLaren Ford,65.0,1:54:08.800,HUL
South Africa,1970-03-07,Jack  Brabham ,Brabham Ford,80.0,1:49:34.600,BRA
Spain,1970-04-19,Jackie  Stewart ,March Ford,90.0,2:10:58.200,STE
Monaco,1970-05-10,Jochen  Rindt ,Lotus Ford,80.0,1:54:36.600,RIN
Belgium,1970-06-07,Pedro  Rodriguez ,BRM,28.0,1:38:09.900,ROD
Netherlands,1970-06-21,Jochen  Rindt ,Lotus Ford,80.0,1:50:43.410,RIN
France,1970-07-05,Jochen  Rindt ,Lotus Ford,38.0,1:55:57.000,RIN
Great Britain,1970-07-18,Jochen  Rindt ,Lotus Ford,80.0,1:57:02.000,RIN
Germany,1970-08-02,Jochen  Rindt ,Lotus Ford,50.0,1:42:00.300,RIN
Austria,1970-08-16,Jacky  Ickx ,Ferrari,60.0,1:42:17.320,ICK
Italy,1970-09-06,Clay  Regazzoni ,Ferrari,68.0,1:39:06.880,REG
Canada,1970-09-20,Jacky  Ickx ,Ferrari,90.0,2:21:18.400,ICK
United States,1970-10-04,Emerson  Fittipaldi ,Lotus Ford,108.0,1:57:32.790,FIT
Mexico,1970-10-25,Jacky  Ickx ,Ferrari,65.0,1:53:28.360,ICK
South Africa,1971-03-06,Mario  Andretti ,Ferrari,79.0,1:47:35.500,AND
Spain,1971-04-18,Jackie  Stewart ,Tyrrell Ford,75.0,1:49:03.400,STE
Monaco,1971-05-23,Jackie  Stewart ,Tyrrell Ford,80.0,1:52:21.300,STE
Netherlands,1971-06-20,Jacky  Ickx ,Ferrari,70.0,1:56:20.090,ICK
France,1971-07-04,Jackie  Stewart ,Tyrrell Ford,55.0,1:46:41.680,STE
Great Britain,1971-07-17,Jackie  Stewart ,Tyrrell Ford,68.0,1:31:31.500,STE
Germany,1971-08-01,Jackie  Stewart ,Tyrrell Ford,12.0,1:29:15.700,STE
Austria,1971-08-15,Jo  Siffert ,BRM,54.0,1:30:23.910,SIF
Italy,1971-09-05,Peter Gethin,BRM,55.0,1:18:12.600,GET
Canada,1971-09-19,Jackie  Stewart ,Tyrrell Ford,64.0,1:55:12.900,STE
United States,1971-10-03,Francois Cevert,Tyrrell Ford,59.0,1:43:51.991,CEV
Argentina,1972-01-23,Jackie  Stewart ,Tyrrell Ford,95.0,1:57:58.820,STE
South Africa,1972-03-04,Denny  Hulme ,McLaren Ford,79.0,1:45:49.100,HUL
Spain,1972-05-01,Emerson  Fittipaldi ,Lotus Ford,90.0,2:03:41.230,FIT
Monaco,1972-05-14,Jean-Pierre  Beltoise ,BRM,80.0,2:26:54.700,BEL
Belgium,1972-06-04,Emerson  Fittipaldi ,Lotus Ford,85.0,1:44:06.700,FIT
France,1972-07-02,Jackie  Stewart ,Tyrrell Ford,38.0,1:52:21.500,STE
Great Britain,1972-07-15,Emerson  Fittipaldi ,Lotus Ford,76.0,1:47:50.200,FIT
Germany,1972-07-30,Jacky  Ickx ,Ferrari,14.0,1:42:12.300,ICK
Austria,1972-08-13,Emerson  Fittipaldi ,Lotus Ford,54.0,1:29:16.660,FIT
Italy,1972-09-10,Emerson  Fittipaldi ,Lotus Ford,55.0,1:29:58.400,FIT
Canada,1972-09-24,Jackie  Stewart ,Tyrrell Ford,80.0,1:43:16.900,STE
United States,1972-10-08,Jackie  Stewart ,Tyrrell Ford,59.0,1:41:45.354,STE
Argentina,1973-01-28,Emerson  Fittipaldi ,Lotus Ford,96.0,1:56:18.220,FIT
Brazil,1973-02-11,Emerson  Fittipaldi ,Lotus Ford,40.0,1:43:55.600,FIT
South Africa,1973-03-03,Jackie  Stewart ,Tyrrell Ford,79.0,1:43:11.070,STE
Spain,1973-04-29,Emerson  Fittipaldi ,Lotus Ford,75.0,1:48:18.700,FIT
Belgium,1973-05-20,Jackie  Stewart ,Tyrrell Ford,70.0,1:42:13.430,STE
Monaco,1973-06-03,Jackie  Stewart ,Tyrrell Ford,78.0,1:57:44.300,STE
Sweden,1973-06-17,Denny  Hulme ,McLaren Ford,80.0,1:56:46.049,HUL
France,1973-07-01,Ronnie  Peterson ,Lotus Ford,54.0,1:41:36.520,PET
Great Britain,1973-07-14,Peter Revson ,McLaren Ford,67.0,1:29:18.500,REV
Netherlands,1973-07-29,Jackie  Stewart ,Tyrrell Ford,72.0,1:39:12.450,STE
Germany,1973-08-05,Jackie  Stewart ,Tyrrell Ford,14.0,1:42:03.000,STE
Austria,1973-08-19,Ronnie  Peterson ,Lotus Ford,54.0,1:28:48.780,PET
Italy,1973-09-09,Ronnie  Peterson ,Lotus Ford,55.0,1:29:17.000,PET
Canada,1973-09-23,Peter Revson ,McLaren Ford,80.0,1:59:04.083,REV
United States,1973-10-07,Ronnie  Peterson ,Lotus Ford,59.0,1:41:15.799,PET
Argentina,1974-01-13,Denny  Hulme ,McLaren Ford,53.0,1:41:02.010,HUL
Brazil,1974-01-27,Emerson  Fittipaldi ,McLaren Ford,32.0,1:24:37.060,FIT
South Africa,1974-03-30,Carlos  Reutemann ,Brabham Ford,78.0,1:42:40.960,REU
Spain,1974-04-28,Niki  Lauda ,Ferrari,84.0,2:00:29.560,LAU
Belgium,1974-05-12,Emerson  Fittipaldi ,McLaren Ford,85.0,1:44:20.570,FIT
Monaco,1974-05-26,Ronnie  Peterson ,Lotus Ford,78.0,1:58:03.700,PET
Sweden,1974-06-09,Jody  Scheckter ,Tyrrell Ford,80.0,1:58:31.391,SCH
Netherlands,1974-06-23,Niki  Lauda ,Ferrari,75.0,1:43:00.350,LAU
France,1974-07-07,Ronnie  Peterson ,Lotus Ford,80.0,1:21:55.020,PET
Great Britain,1974-07-20,Jody  Scheckter ,Tyrrell Ford,75.0,1:43:02.200,SCH
Germany,1974-08-04,Clay  Regazzoni ,Ferrari,14.0,1:41:35.000,REG
Austria,1974-08-18,Carlos  Reutemann ,Brabham Ford,54.0,1:28:44.720,REU
Italy,1974-09-08,Ronnie  Peterson ,Lotus Ford,52.0,1:22:56.600,PET
Canada,1974-09-22,Emerson  Fittipaldi ,McLaren Ford,80.0,1:40:26.136,FIT
United States,1974-10-06,Carlos  Reutemann ,Brabham Ford,59.0,1:40:21.439,REU
Argentina,1975-01-12,Emerson  Fittipaldi ,McLaren Ford,53.0,1:39:26.290,FIT
Brazil,1975-01-26,Carlos  Pace ,Brabham Ford,40.0,1:44:41.170,PAC
South Africa,1975-03-01,Jody  Scheckter ,Tyrrell Ford,78.0,1:43:16.900,SCH
Spain,1975-04-27,Jochen  Mass ,McLaren Ford,29.0,42:53.700,MAS
Monaco,1975-05-11,Niki  Lauda ,Ferrari,75.0,2:01:21.310,LAU
Belgium,1975-05-25,Niki  Lauda ,Ferrari,70.0,1:43:53.980,LAU
Sweden,1975-06-08,Niki  Lauda ,Ferrari,80.0,1:59:18.319,LAU
Netherlands,1975-06-22,James  Hunt ,Hesketh Ford,75.0,1:46:57.400,HUN
France,1975-07-06,Niki  Lauda ,Ferrari,54.0,1:40:18.840,LAU
Great Britain,1975-07-19,Emerson  Fittipaldi ,McLaren Ford,56.0,1:22:05.000,FIT
Germany,1975-08-03,Carlos  Reutemann ,Brabham Ford,14.0,1:41:14.100,REU
Austria,1975-08-17,Vittorio  Brambilla ,March Ford,29.0,57:56.690,BRA
Italy,1975-09-07,Clay  Regazzoni ,Ferrari,52.0,1:22:42.600,REG
United States,1975-10-05,Niki  Lauda ,Ferrari,59.0,1:42:58.175,LAU
Brazil,1976-01-25,Niki  Lauda ,Ferrari,40.0,1:45:16.780,LAU
South Africa,1976-03-06,Niki  Lauda ,Ferrari,78.0,1:42:18.400,LAU
USA West,1976-03-28,Clay  Regazzoni ,Ferrari,80.0,1:53:18.471,REG
Spain,1976-05-02,James  Hunt ,McLaren Ford,75.0,1:42:20.430,HUN
Belgium,1976-05-16,Niki  Lauda ,Ferrari,70.0,1:42:53.230,LAU
Monaco,1976-05-30,Niki  Lauda ,Ferrari,78.0,1:59:51.470,LAU
Sweden,1976-06-13,Jody  Scheckter ,Tyrrell Ford,72.0,1:46:53.729,SCH
France,1976-07-04,James  Hunt ,McLaren Ford,54.0,1:40:58.600,HUN
Great Britain,1976-07-18,Niki  Lauda ,Ferrari,76.0,1:44:19.660,LAU
Germany,1976-08-01,James  Hunt ,McLaren Ford,14.0,1:41:42.700,HUN
Austria,1976-08-15,John  Watson ,Penske Ford,54.0,1:30:07.860,WAT
Netherlands,1976-08-29,James  Hunt ,McLaren Ford,75.0,1:44:52.090,HUN
Italy,1976-09-12,Ronnie  Peterson ,March Ford,52.0,1:30:35.600,PET
Canada,1976-10-03,James  Hunt ,McLaren Ford,80.0,1:40:09.626,HUN
USA East,1976-10-10,James  Hunt ,McLaren Ford,59.0,1:42:40.741,HUN
Japan,1976-10-24,Mario  Andretti ,Lotus Ford,73.0,1:43:58.860,AND
Argentina,1977-01-09,Jody  Scheckter ,Wolf Ford,53.0,1:40:11.190,SCH
Brazil,1977-01-23,Carlos  Reutemann ,Ferrari,40.0,1:45:07.720,REU
South Africa,1977-03-05,Niki  Lauda ,Ferrari,78.0,1:42:21.600,LAU
USA West,1977-04-03,Mario  Andretti ,Lotus Ford,80.0,1:51:35.470,AND
Spain,1977-05-08,Mario  Andretti ,Lotus Ford,75.0,1:42:52.220,AND
Monaco,1977-05-22,Jody  Scheckter ,Wolf Ford,76.0,1:57:52.770,SCH
Belgium,1977-06-05,Gunnar  Nilsson ,Lotus Ford,70.0,1:55:05.710,NIL
Sweden,1977-06-19,Jacques  Laffite ,Ligier Matra,72.0,1:46:55.520,LAF
France,1977-07-03,Mario  Andretti ,Lotus Ford,80.0,1:39:40.130,AND
Great Britain,1977-07-16,James  Hunt ,McLaren Ford,68.0,1:31:46.060,HUN
Germany,1977-07-31,Niki  Lauda ,Ferrari,47.0,1:31:48.620,LAU
Austria,1977-08-14,Alan Jones ,Shadow Ford,54.0,1:37:16.490,JON
Netherlands,1977-08-28,Niki  Lauda ,Ferrari,75.0,1:41:45.930,LAU
Italy,1977-09-11,Mario  Andretti ,Lotus Ford,52.0,1:27:50.300,AND
USA East,1977-10-02,James  Hunt ,McLaren Ford,59.0,1:58:23.267,HUN
Canada,1977-10-09,Jody  Scheckter ,Wolf Ford,80.0,1:40:00.000,SCH
Japan,1977-10-23,James  Hunt ,McLaren Ford,73.0,1:31:51.680,HUN
Argentina,1978-01-15,Mario  Andretti ,Lotus Ford,52.0,1:37:04.470,AND
Brazil,1978-01-29,Carlos  Reutemann ,Ferrari,63.0,1:49:59.860,REU
South Africa,1978-03-04,Ronnie  Peterson ,Lotus Ford,78.0,1:42:15.767,PET
USA West,1978-04-02,Carlos  Reutemann ,Ferrari,80.0,1:52:01.301,REU
Monaco,1978-05-07,Patrick  Depailler ,Tyrrell Ford,75.0,1:55:14.660,DEP
Belgium,1978-05-21,Mario  Andretti ,Lotus Ford,70.0,1:39:52.020,AND
Spain,1978-06-04,Mario  Andretti ,Lotus Ford,75.0,1:41:47.060,AND
Sweden,1978-06-17,Niki  Lauda ,Brabham Alfa Romeo,70.0,1:41:00.606,LAU
France,1978-07-02,Mario  Andretti ,Lotus Ford,54.0,1:38:51.920,AND
Great Britain,1978-07-16,Carlos  Reutemann ,Ferrari,76.0,1:42:12.390,REU
Germany,1978-07-30,Mario  Andretti ,Lotus Ford,45.0,1:28:00.900,AND
Austria,1978-08-13,Ronnie  Peterson ,Lotus Ford,54.0,1:41:21.570,PET
Netherlands,1978-08-27,Mario  Andretti ,Lotus Ford,75.0,1:41:04.230,AND
Italy,1978-09-10,Niki  Lauda ,Brabham Alfa Romeo,40.0,1:07:04.540,LAU
USA East,1978-10-01,Carlos  Reutemann ,Ferrari,59.0,1:40:48.800,REU
Canada,1978-10-08,Gilles  Villeneuve ,Ferrari,70.0,1:57:49.196,VIL
Argentina,1979-01-21,Jacques  Laffite ,Ligier Ford,53.0,1:36:03.210,LAF
Brazil,1979-02-04,Jacques  Laffite ,Ligier Ford,40.0,1:40:09.640,LAF
South Africa,1979-03-03,Gilles  Villeneuve ,Ferrari,78.0,1:41:49.960,VIL
USA West,1979-04-08,Gilles  Villeneuve ,Ferrari,80.0,1:50:25.400,VIL
Spain,1979-04-29,Patrick  Depailler ,Ligier Ford,75.0,1:39:11.840,DEP
Belgium,1979-05-13,Jody  Scheckter ,Ferrari,70.0,1:39:59.530,SCH
Monaco,1979-05-27,Jody  Scheckter ,Ferrari,76.0,1:55:22.480,SCH
France,1979-07-01,Jean-Pierre  Jabouille ,Renault,80.0,1:35:20.420,JAB
Great Britain,1979-07-14,Clay  Regazzoni ,Williams Ford,68.0,1:26:11.170,REG
Germany,1979-07-29,Alan Jones ,Williams Ford,45.0,1:24:48.830,JON
Austria,1979-08-12,Alan Jones ,Williams Ford,54.0,1:27:38.010,JON
Netherlands,1979-08-26,Alan Jones ,Williams Ford,75.0,1:41:19.775,JON
Italy,1979-09-09,Jody  Scheckter ,Ferrari,50.0,1:22:00.220,SCH
Canada,1979-09-30,Alan Jones ,Williams Ford,72.0,1:52:06.892,JON
USA East,1979-10-07,Gilles  Villeneuve ,Ferrari,59.0,1:52:17.734,VIL
Argentina,1980-01-13,Alan Jones ,Williams Ford,53.0,1:43:24.380,JON
Brazil,1980-01-27,Rene  Arnoux ,Renault,40.0,1:40:01.330,ARN
South Africa,1980-03-01,Rene  Arnoux ,Renault,78.0,1:36:52.540,ARN
USA West,1980-03-30,Nelson  Piquet ,Brabham Ford,80.0,1:50:18.550,PIQ
Belgium,1980-05-04,Didier  Pironi ,Ligier Ford,72.0,1:38:46.510,PIR
Monaco,1980-05-18,Carlos  Reutemann ,Williams Ford,76.0,1:55:34.365,REU
France,1980-06-29,Alan Jones ,Williams Ford,54.0,1:32:43.420,JON
Great Britain,1980-07-13,Alan Jones ,Williams Ford,76.0,1:34:49.228,JON
Germany,1980-08-10,Jacques  Laffite ,Ligier Ford,45.0,1:22:59.730,LAF
Austria,1980-08-17,Jean-Pierre  Jabouille ,Renault,54.0,1:26:15.730,JAB
Netherlands,1980-08-31,Nelson  Piquet ,Brabham Ford,72.0,1:38:13.830,PIQ
Italy,1980-09-14,Nelson  Piquet ,Brabham Ford,60.0,1:38:07.520,PIQ
Canada,1980-09-28,Alan Jones ,Williams Ford,70.0,1:46:45.530,JON
USA East,1980-10-05,Alan Jones ,Williams Ford,59.0,1:34:36.050,JON
USA West,1981-03-15,Alan Jones ,Williams Ford,80.0,1:50:41.330,JON
Brazil,1981-03-29,Carlos  Reutemann ,Williams Ford,62.0,2:00:23.660,REU
Argentina,1981-04-12,Nelson  Piquet ,Brabham Ford,53.0,1:34:32.740,PIQ
San Marino,1981-05-03,Nelson  Piquet ,Brabham Ford,60.0,1:51:23.970,PIQ
Belgium,1981-05-17,Carlos  Reutemann ,Williams Ford,54.0,1:16:31.610,REU
Monaco,1981-05-31,Gilles  Villeneuve ,Ferrari,76.0,1:54:23.380,VIL
Spain,1981-06-21,Gilles  Villeneuve ,Ferrari,80.0,1:46:35.010,VIL
France,1981-07-05,Alain  Prost ,Renault,80.0,1:35:48.130,PRO
Great Britain,1981-07-18,John  Watson ,McLaren Ford,68.0,1:26:54.800,WAT
Germany,1981-08-02,Nelson  Piquet ,Brabham Ford,45.0,1:25:55.600,PIQ
Austria,1981-08-16,Jacques  Laffite ,Ligier Matra,53.0,1:27:36.470,LAF
Netherlands,1981-08-30,Alain  Prost ,Renault,72.0,1:40:22.430,PRO
Italy,1981-09-13,Alain  Prost ,Renault,52.0,1:26:33.897,PRO
Canada,1981-09-27,Jacques  Laffite ,Ligier Matra,63.0,2:01:25.205,LAF
Caesar's Palace,1981-10-17,Alan Jones ,Williams Ford,75.0,1:44:09.077,JON
South Africa,1982-01-23,Alain  Prost ,Renault,77.0,1:32:08.401,PRO
Brazil,1982-03-21,Alain  Prost ,Renault,63.0,1:44:33.134,PRO
USA West,1982-04-04,Niki  Lauda ,McLaren Ford,75.0,1:58:25.318,LAU
San Marino,1982-04-25,Didier  Pironi ,Ferrari,60.0,1:36:38.887,PIR
Belgium,1982-05-09,John  Watson ,McLaren Ford,70.0,1:35:41.995,WAT
Monaco,1982-05-23,Riccardo  Patrese ,Brabham Ford,76.0,1:54:11.259,PAT
Detroit,1982-06-06,John  Watson ,McLaren Ford,62.0,1:58:41.043,WAT
Canada,1982-06-13,Nelson  Piquet ,Brabham BMW,70.0,1:46:39.577,PIQ
Netherlands,1982-07-03,Didier  Pironi ,Ferrari,72.0,1:38:03.254,PIR
Great Britain,1982-07-18,Niki  Lauda ,McLaren Ford,76.0,1:35:33.812,LAU
France,1982-07-25,Rene  Arnoux ,Renault,54.0,1:33:33.217,ARN
Germany,1982-08-08,Patrick  Tambay ,Ferrari,45.0,1:27:25.178,TAM
Austria,1982-08-15,Elio  de Angelis ,Lotus Ford,53.0,1:25:02.212,DEA
Switzerland,1982-08-29,Keke  Rosberg ,Williams Ford,80.0,1:32:41.087,ROS
Italy,1982-09-12,Rene  Arnoux ,Renault,52.0,1:22:25.734,ARN
Caesar's Palace,1982-09-25,Michele  Alboreto ,Tyrrell Ford,75.0,1:41:56.888,ALB
Brazil,1983-03-13,Nelson  Piquet ,Brabham BMW,63.0,1:48:27.731,PIQ
USA West,1983-03-27,John  Watson ,McLaren Ford,75.0,1:53:34.889,WAT
France,1983-04-17,Alain  Prost ,Renault,54.0,1:34:13.913,PRO
San Marino,1983-05-01,Patrick  Tambay ,Ferrari,60.0,1:37:52.460,TAM
Monaco,1983-05-15,Keke  Rosberg ,Williams Ford,76.0,1:56:38.121,ROS
Belgium,1983-05-22,Alain  Prost ,Renault,40.0,1:27:11.502,PRO
Detroit,1983-06-05,Michele  Alboreto ,Tyrrell Ford,60.0,1:50:53.669,ALB
Canada,1983-06-12,Rene  Arnoux ,Ferrari,70.0,1:48:31.838,ARN
Great Britain,1983-07-16,Alain  Prost ,Renault,67.0,1:24:39.780,PRO
Germany,1983-08-07,Rene  Arnoux ,Ferrari,45.0,1:27:10.319,ARN
Austria,1983-08-14,Alain  Prost ,Renault,53.0,1:24:32.745,PRO
Netherlands,1983-08-28,Rene  Arnoux ,Ferrari,72.0,1:38:41.950,ARN
Italy,1983-09-11,Nelson  Piquet ,Brabham BMW,52.0,1:23:10.880,PIQ
Europe,1983-09-25,Nelson  Piquet ,Brabham BMW,76.0,1:36:45.865,PIQ
South Africa,1983-10-15,Riccardo  Patrese ,Brabham BMW,77.0,1:33:25.708,PAT
Brazil,1984-03-25,Alain  Prost ,McLaren TAG,61.0,1:42:34.492,PRO
South Africa,1984-04-07,Niki  Lauda ,McLaren TAG,75.0,1:29:23.430,LAU
Belgium,1984-04-29,Michele  Alboreto ,Ferrari,70.0,1:36:32.048,ALB
San Marino,1984-05-06,Alain  Prost ,McLaren TAG,60.0,1:36:53.679,PRO
France,1984-05-20,Niki  Lauda ,McLaren TAG,79.0,1:31:11.951,LAU
Monaco,1984-06-03,Alain  Prost ,McLaren TAG,31.0,1:01:07.740,PRO
Canada,1984-06-17,Nelson  Piquet ,Brabham BMW,70.0,1:46:23.748,PIQ
Detroit,1984-06-24,Nelson  Piquet ,Brabham BMW,63.0,1:55:41.842,PIQ
Dallas,1984-07-08,Keke  Rosberg ,Williams Honda,67.0,2:01:22.617,ROS
Great Britain,1984-07-22,Niki  Lauda ,McLaren TAG,71.0,1:29:28.532,LAU
Germany,1984-08-05,Alain  Prost ,McLaren TAG,44.0,1:24:43.210,PRO
Austria,1984-08-19,Niki  Lauda ,McLaren TAG,51.0,1:21:12.851,LAU
Netherlands,1984-08-26,Alain  Prost ,McLaren TAG,71.0,1:37:21.468,PRO
Italy,1984-09-09,Niki  Lauda ,McLaren TAG,51.0,1:20:29.065,LAU
Europe,1984-10-07,Alain  Prost ,McLaren TAG,67.0,1:35:13.284,PRO
Portugal,1984-10-21,Alain  Prost ,McLaren TAG,70.0,1:41:11.753,PRO
Brazil,1985-04-07,Alain  Prost ,McLaren TAG,61.0,1:41:26.115,PRO
Portugal,1985-04-21,Ayrton  Senna ,Lotus Renault,67.0,2:00:28.006,SEN
San Marino,1985-05-05,Elio  de Angelis ,Lotus Renault,60.0,1:34:35.955,DEA
Monaco,1985-05-19,Alain  Prost ,McLaren TAG,78.0,1:51:58.034,PRO
Canada,1985-06-16,Michele  Alboreto ,Ferrari,70.0,1:46:01.813,ALB
Detroit,1985-06-23,Keke  Rosberg ,Williams Honda,63.0,1:55:39.851,ROS
France,1985-07-07,Nelson  Piquet ,Brabham BMW,53.0,1:31:46.266,PIQ
Great Britain,1985-07-21,Alain  Prost ,McLaren TAG,65.0,1:18:10.436,PRO
Germany,1985-08-04,Michele  Alboreto ,Ferrari,67.0,1:35:31.337,ALB
Austria,1985-08-18,Alain  Prost ,McLaren TAG,52.0,1:20:12.583,PRO
Netherlands,1985-08-25,Niki  Lauda ,McLaren TAG,70.0,1:32:29.263,LAU
Italy,1985-09-08,Alain  Prost ,McLaren TAG,51.0,1:17:59.451,PRO
Belgium,1985-09-15,Ayrton  Senna ,Lotus Renault,43.0,1:34:19.893,SEN
Europe,1985-10-06,Nigel  Mansell ,Williams Honda,75.0,1:32:58.109,MAN
South Africa,1985-10-19,Nigel  Mansell ,Williams Honda,75.0,1:28:22.866,MAN
Australia,1985-11-03,Keke  Rosberg ,Williams Honda,82.0,2:00:40.473,ROS
Brazil,1986-03-23,Nelson  Piquet ,Williams Honda,61.0,1:39:32.583,PIQ
Spain,1986-04-13,Ayrton  Senna ,Lotus Renault,72.0,1:48:47.735,SEN
San Marino,1986-04-27,Alain  Prost ,McLaren TAG,60.0,1:32:28.408,PRO
Monaco,1986-05-11,Alain  Prost ,McLaren TAG,78.0,1:55:41.060,PRO
Belgium,1986-05-25,Nigel  Mansell ,Williams Honda,43.0,1:27:57.925,MAN
Canada,1986-06-15,Nigel  Mansell ,Williams Honda,69.0,1:42:26.415,MAN
Detroit,1986-06-22,Ayrton  Senna ,Lotus Renault,63.0,1:51:12.847,SEN
France,1986-07-06,Nigel  Mansell ,Williams Honda,80.0,1:37:19.272,MAN
Great Britain,1986-07-13,Nigel  Mansell ,Williams Honda,75.0,1:30:38.471,MAN
Germany,1986-07-27,Nelson  Piquet ,Williams Honda,44.0,1:22:08.263,PIQ
Hungary,1986-08-10,Nelson  Piquet ,Williams Honda,76.0,2:00:34.508,PIQ
Austria,1986-08-17,Alain  Prost ,McLaren TAG,52.0,1:21:22.531,PRO
Italy,1986-09-07,Nelson  Piquet ,Williams Honda,51.0,1:17:42.889,PIQ
Portugal,1986-09-21,Nigel  Mansell ,Williams Honda,70.0,1:37:21.900,MAN
Mexico,1986-10-12,Gerhard  Berger ,Benetton BMW,68.0,1:33:18.700,BER
Australia,1986-10-26,Alain  Prost ,McLaren TAG,82.0,1:54:20.388,PRO
Brazil,1987-04-12,Alain  Prost ,McLaren TAG,61.0,1:39:45.141,PRO
San Marino,1987-05-03,Nigel  Mansell ,Williams Honda,59.0,1:31:24.076,MAN
Belgium,1987-05-17,Alain  Prost ,McLaren TAG,43.0,1:27:03.217,PRO
Monaco,1987-05-31,Ayrton  Senna ,Lotus Honda,78.0,1:57:54.085,SEN
Detroit,1987-06-21,Ayrton  Senna ,Lotus Honda,63.0,1:50:16.358,SEN
France,1987-07-05,Nigel  Mansell ,Williams Honda,80.0,1:37:03.839,MAN
Great Britain,1987-07-12,Nigel  Mansell ,Williams Honda,65.0,1:19:11.780,MAN
Germany,1987-07-26,Nelson  Piquet ,Williams Honda,44.0,1:21:25.091,PIQ
Hungary,1987-08-09,Nelson  Piquet ,Williams Honda,76.0,1:59:26.793,PIQ
Austria,1987-08-16,Nigel  Mansell ,Williams Honda,52.0,1:18:44.898,MAN
Italy,1987-09-06,Nelson  Piquet ,Williams Honda,50.0,1:14:47.707,PIQ
Portugal,1987-09-20,Alain  Prost ,McLaren TAG,70.0,1:37:03.906,PRO
Spain,1987-09-27,Nigel  Mansell ,Williams Honda,72.0,1:49:12.692,MAN
Mexico,1987-10-18,Nigel  Mansell ,Williams Honda,63.0,1:26:24.207,MAN
Japan,1987-11-01,Gerhard  Berger ,Ferrari,51.0,1:32:58.072,BER
Australia,1987-11-15,Gerhard  Berger ,Ferrari,82.0,1:52:56.144,BER
Brazil,1988-04-03,Alain  Prost ,McLaren Honda,60.0,1:36:06.857,PRO
San Marino,1988-05-01,Ayrton  Senna ,McLaren Honda,60.0,1:32:41.264,SEN
Monaco,1988-05-15,Alain  Prost ,McLaren Honda,78.0,1:57:17.077,PRO
Mexico,1988-05-29,Alain  Prost ,McLaren Honda,67.0,1:30:15.737,PRO
Canada,1988-06-12,Ayrton  Senna ,McLaren Honda,69.0,1:39:46.618,SEN
Detroit,1988-06-19,Ayrton  Senna ,McLaren Honda,63.0,1:54:56.035,SEN
France,1988-07-03,Alain  Prost ,McLaren Honda,80.0,1:37:37.328,PRO
Great Britain,1988-07-10,Ayrton  Senna ,McLaren Honda,65.0,1:33:16.367,SEN
Germany,1988-07-24,Ayrton  Senna ,McLaren Honda,44.0,1:32:54.188,SEN
Hungary,1988-08-07,Ayrton  Senna ,McLaren Honda,76.0,1:57:47.081,SEN
Belgium,1988-08-28,Ayrton  Senna ,McLaren Honda,43.0,1:28:00.549,SEN
Italy,1988-09-11,Gerhard  Berger ,Ferrari,51.0,1:17:39.744,BER
Portugal,1988-09-25,Alain  Prost ,McLaren Honda,70.0,1:37:40.958,PRO
Spain,1988-10-02,Alain  Prost ,McLaren Honda,72.0,1:48:43.851,PRO
Japan,1988-10-30,Ayrton  Senna ,McLaren Honda,51.0,1:33:26.173,SEN
Australia,1988-11-13,Alain  Prost ,McLaren Honda,82.0,1:53:14.676,PRO
Brazil,1989-03-26,Nigel  Mansell ,Ferrari,61.0,1:38:58.744,MAN
San Marino,1989-04-23,Ayrton  Senna ,McLaren Honda,58.0,1:26:51.245,SEN
Monaco,1989-05-07,Ayrton  Senna ,McLaren Honda,77.0,1:53:33.251,SEN
Mexico,1989-05-28,Ayrton  Senna ,McLaren Honda,69.0,1:35:21.431,SEN
United States,1989-06-04,Alain  Prost ,McLaren Honda,75.0,2:01:33.133,PRO
Canada,1989-06-18,Thierry  Boutsen ,Williams Renault,69.0,2:01:24.073,BOU
France,1989-07-09,Alain  Prost ,McLaren Honda,80.0,1:38:29.411,PRO
Great Britain,1989-07-16,Alain  Prost ,McLaren Honda,64.0,1:19:22.131,PRO
Germany,1989-07-30,Ayrton  Senna ,McLaren Honda,45.0,1:21:43.302,SEN
Hungary,1989-08-13,Nigel  Mansell ,Ferrari,77.0,1:49:38.650,MAN
Belgium,1989-08-27,Ayrton  Senna ,McLaren Honda,44.0,1:40:54.196,SEN
Italy,1989-09-10,Alain  Prost ,McLaren Honda,53.0,1:19:27.550,PRO
Portugal,1989-09-24,Gerhard  Berger ,Ferrari,71.0,1:36:48.546,BER
Spain,1989-10-01,Ayrton  Senna ,McLaren Honda,72.0,1:47:48.264,SEN
Japan,1989-10-22,Alessandro  Nannini ,Benetton Ford,53.0,1:35:06.277,NAN
Australia,1989-11-05,Thierry  Boutsen ,Williams Renault,70.0,2:00:17.421,BOU
United States,1990-03-11,Ayrton  Senna ,McLaren Honda,72.0,1:52:32.829,SEN
Brazil,1990-03-25,Alain  Prost ,Ferrari,71.0,1:37:21.258,PRO
San Marino,1990-05-13,Riccardo  Patrese ,Williams Renault,61.0,1:30:55.478,PAT
Monaco,1990-05-27,Ayrton  Senna ,McLaren Honda,78.0,1:52:46.982,SEN
Canada,1990-06-10,Ayrton  Senna ,McLaren Honda,70.0,1:42:56.400,SEN
Mexico,1990-06-24,Alain  Prost ,Ferrari,69.0,1:32:35.783,PRO
France,1990-07-08,Alain  Prost ,Ferrari,80.0,1:33:29.606,PRO
Great Britain,1990-07-15,Alain  Prost ,Ferrari,64.0,1:18:30.999,PRO
Germany,1990-07-29,Ayrton  Senna ,McLaren Honda,45.0,1:20:47.164,SEN
Hungary,1990-08-12,Thierry  Boutsen ,Williams Renault,77.0,1:49:30.597,BOU
Belgium,1990-08-26,Ayrton  Senna ,McLaren Honda,44.0,1:26:31.997,SEN
Italy,1990-09-09,Ayrton  Senna ,McLaren Honda,53.0,1:17:57.878,SEN
Portugal,1990-09-23,Nigel  Mansell ,Ferrari,61.0,1:22:11.014,MAN
Spain,1990-09-30,Alain  Prost ,Ferrari,73.0,1:48:01.461,PRO
Japan,1990-10-21,Nelson  Piquet ,Benetton Ford,53.0,1:34:36.824,PIQ
Australia,1990-11-04,Nelson  Piquet ,Benetton Ford,81.0,1:49:44.570,PIQ
United States,1991-03-10,Ayrton  Senna ,McLaren Honda,81.0,2:00:47.828,SEN
Brazil,1991-03-24,Ayrton  Senna ,McLaren Honda,71.0,1:38:28.128,SEN
San Marino,1991-04-28,Ayrton  Senna ,McLaren Honda,61.0,1:35:14.750,SEN
Monaco,1991-05-12,Ayrton  Senna ,McLaren Honda,78.0,1:53:02.334,SEN
Canada,1991-06-02,Nelson  Piquet ,Benetton Ford,69.0,1:38:51.490,PIQ
Mexico,1991-06-16,Riccardo  Patrese ,Williams Renault,67.0,1:29:52.205,PAT
France,1991-07-07,Nigel  Mansell ,Williams Renault,72.0,1:38:00.056,MAN
Great Britain,1991-07-14,Nigel  Mansell ,Williams Renault,59.0,1:27:35.479,MAN
Germany,1991-07-28,Nigel  Mansell ,Williams Renault,45.0,1:19:29.661,MAN
Hungary,1991-08-11,Ayrton  Senna ,McLaren Honda,77.0,1:49:12.796,SEN
Belgium,1991-08-25,Ayrton  Senna ,McLaren Honda,44.0,1:27:17.669,SEN
Italy,1991-09-08,Nigel  Mansell ,Williams Renault,53.0,1:17:54.319,MAN
Portugal,1991-09-22,Riccardo  Patrese ,Williams Renault,71.0,1:35:42.304,PAT
Spain,1991-09-29,Nigel  Mansell ,Williams Renault,65.0,1:38:41.541,MAN
Japan,1991-10-20,Gerhard  Berger ,McLaren Honda,53.0,1:32:10.695,BER
Australia,1991-11-03,Ayrton  Senna ,McLaren Honda,14.0,24:34.899,SEN
South Africa,1992-03-01,Nigel  Mansell ,Williams Renault,72.0,1:36:45.320,MAN
Mexico,1992-03-22,Nigel  Mansell ,Williams Renault,69.0,1:31:53.587,MAN
Brazil,1992-04-05,Nigel  Mansell ,Williams Renault,71.0,1:36:51.856,MAN
Spain,1992-05-03,Nigel  Mansell ,Williams Renault,65.0,1:56:10.674,MAN
San Marino,1992-05-17,Nigel  Mansell ,Williams Renault,60.0,1:28:40.927,MAN
Monaco,1992-05-31,Ayrton  Senna ,McLaren Honda,78.0,1:50:59.372,SEN
Canada,1992-06-14,Gerhard  Berger ,McLaren Honda,69.0,1:37:08.299,BER
France,1992-07-05,Nigel  Mansell ,Williams Renault,69.0,1:38:08.459,MAN
Great Britain,1992-07-12,Nigel  Mansell ,Williams Renault,59.0,1:25:42.991,MAN
Germany,1992-07-26,Nigel  Mansell ,Williams Renault,45.0,1:18:22.032,MAN
Hungary,1992-08-16,Ayrton  Senna ,McLaren Honda,77.0,1:46:19.216,SEN
Belgium,1992-08-30,Michael  Schumacher ,Benetton Ford,44.0,1:36:10.721,MSC
Italy,1992-09-13,Ayrton  Senna ,McLaren Honda,53.0,1:18:15.349,SEN
Portugal,1992-09-27,Nigel  Mansell ,Williams Renault,71.0,1:34:46.659,MAN
Japan,1992-10-25,Riccardo  Patrese ,Williams Renault,53.0,1:33:09.553,PAT
Australia,1992-11-08,Gerhard  Berger ,McLaren Honda,82.0,1:46:54.786,BER
South Africa,1993-03-14,Alain  Prost ,Williams Renault,72.0,1:38:45.082,PRO
Brazil,1993-03-28,Ayrton  Senna ,McLaren Ford,71.0,1:51:15.485,SEN
Europe,1993-04-11,Ayrton  Senna ,McLaren Ford,76.0,1:50:46.570,SEN
San Marino,1993-04-25,Alain  Prost ,Williams Renault,61.0,1:33:20.413,PRO
Spain,1993-05-09,Alain  Prost ,Williams Renault,65.0,1:32:27.685,PRO
Monaco,1993-05-23,Ayrton  Senna ,McLaren Ford,78.0,1:52:10.947,SEN
Canada,1993-06-13,Alain  Prost ,Williams Renault,69.0,1:36:41.822,PRO
France,1993-07-04,Alain  Prost ,Williams Renault,72.0,1:38:35.241,PRO
Great Britain,1993-07-11,Alain  Prost ,Williams Renault,59.0,1:25:38.189,PRO
Germany,1993-07-25,Alain  Prost ,Williams Renault,45.0,1:18:40.885,PRO
Hungary,1993-08-15,Damon  Hill ,Williams Renault,77.0,1:47:39.098,HIL
Belgium,1993-08-29,Damon  Hill ,Williams Renault,44.0,1:24:32.124,HIL
Italy,1993-09-12,Damon  Hill ,Williams Renault,53.0,1:17:07.509,HIL
Portugal,1993-09-26,Michael  Schumacher ,Benetton Ford,71.0,1:32:46.309,MSC
Japan,1993-10-24,Ayrton  Senna ,McLaren Ford,53.0,1:40:27.912,SEN
Australia,1993-11-07,Ayrton  Senna ,McLaren Ford,79.0,1:43:27.476,SEN
Brazil,1994-03-27,Michael  Schumacher ,Benetton Ford,71.0,1:35:38.759,MSC
Pacific,1994-04-17,Michael  Schumacher ,Benetton Ford,83.0,1:46:01.693,MSC
San Marino,1994-05-01,Michael  Schumacher ,Benetton Ford,58.0,1:28:28.642,MSC
Monaco,1994-05-15,Michael  Schumacher ,Benetton Ford,78.0,1:49:55.372,MSC
Spain,1994-05-29,Damon  Hill ,Williams Renault,65.0,1:36:14.374,HIL
Canada,1994-06-12,Michael  Schumacher ,Benetton Ford,69.0,1:44:31.887,MSC
France,1994-07-03,Michael  Schumacher ,Benetton Ford,72.0,1:38:35.704,MSC
Great Britain,1994-07-10,Damon  Hill ,Williams Renault,60.0,1:30:03.640,HIL
Germany,1994-07-31,Gerhard  Berger ,Ferrari,45.0,1:22:37.272,BER
Hungary,1994-08-14,Michael  Schumacher ,Benetton Ford,77.0,1:48:00.185,MSC
Belgium,1994-08-28,Damon  Hill ,Williams Renault,44.0,1:28:47.170,HIL
Italy,1994-09-11,Damon  Hill ,Williams Renault,53.0,1:18:02.754,HIL
Portugal,1994-09-25,Damon  Hill ,Williams Renault,71.0,1:41:10.165,HIL
Europe,1994-10-16,Michael  Schumacher ,Benetton Ford,69.0,1:40:26.689,MSC
Japan,1994-11-06,Damon  Hill ,Williams Renault,50.0,1:55:53.532,HIL
Australia,1994-11-13,Nigel  Mansell ,Williams Renault,81.0,1:47:51.480,MAN
Brazil,1995-03-26,Michael  Schumacher ,Benetton Renault,71.0,1:38:34.154,MSC
Argentina,1995-04-09,Damon  Hill ,Williams Renault,71.0,1:51:39.531,HIL
San Marino,1995-04-30,Damon  Hill ,Williams Renault,63.0,1:41:42.552,HIL
Spain,1995-05-14,Michael  Schumacher ,Benetton Renault,65.0,1:34:20.507,MSC
Monaco,1995-05-28,Michael  Schumacher ,Benetton Renault,78.0,1:53:11.258,MSC
Canada,1995-06-11,Jean  Alesi ,Ferrari,69.0,1:46:31.333,ALE
France,1995-07-02,Michael  Schumacher ,Benetton Renault,72.0,1:38:28.429,MSC
Great Britain,1995-07-16,Johnny  Herbert ,Benetton Renault,61.0,1:34:35.093,HER
Germany,1995-07-30,Michael  Schumacher ,Benetton Renault,45.0,1:22:56.043,MSC
Hungary,1995-08-13,Damon  Hill ,Williams Renault,77.0,1:46:25.721,HIL
Belgium,1995-08-27,Michael  Schumacher ,Benetton Renault,44.0,1:36:47.875,MSC
Italy,1995-09-10,Johnny  Herbert ,Benetton Renault,53.0,1:18:27.916,HER
Portugal,1995-09-24,David  Coulthard ,Williams Renault,71.0,1:41:52.145,COU
Europe,1995-10-01,Michael  Schumacher ,Benetton Renault,67.0,1:39:59.044,MSC
Pacific,1995-10-22,Michael  Schumacher ,Benetton Renault,83.0,1:48:49.972,MSC
Japan,1995-10-29,Michael  Schumacher ,Benetton Renault,53.0,1:36:52.930,MSC
Australia,1995-11-12,Damon  Hill ,Williams Renault,81.0,1:49:15.946,HIL
Australia,1996-03-10,Damon  Hill ,Williams Renault,58.0,1:32:50.491,HIL
Brazil,1996-03-31,Damon  Hill ,Williams Renault,71.0,1:49:52.976,HIL
Argentina,1996-04-07,Damon  Hill ,Williams Renault,72.0,1:54:55.322,HIL
Europe,1996-04-28,Jacques  Villeneuve ,Williams Renault,67.0,1:33:26.473,VIL
San Marino,1996-05-05,Damon  Hill ,Williams Renault,63.0,1:35:26.156,HIL
Monaco,1996-05-19,Olivier  Panis ,Ligier Mugen Honda,75.0,2:00:45.629,PAN
Spain,1996-06-02,Michael  Schumacher ,Ferrari,65.0,1:59:49.307,MSC
Canada,1996-06-16,Damon  Hill ,Williams Renault,69.0,1:36:03.465,HIL
France,1996-06-30,Damon  Hill ,Williams Renault,72.0,1:36:28.795,HIL
Great Britain,1996-07-14,Jacques  Villeneuve ,Williams Renault,61.0,1:33:00.874,VIL
Germany,1996-07-28,Damon  Hill ,Williams Renault,45.0,1:21:43.417,HIL
Hungary,1996-08-11,Jacques  Villeneuve ,Williams Renault,77.0,1:46:21.134,VIL
Belgium,1996-08-25,Michael  Schumacher ,Ferrari,44.0,1:28:15.125,MSC
Italy,1996-09-08,Michael  Schumacher ,Ferrari,53.0,1:17:43.632,MSC
Portugal,1996-09-22,Jacques  Villeneuve ,Williams Renault,70.0,1:40:22.915,VIL
Japan,1996-10-13,Damon  Hill ,Williams Renault,52.0,1:32:33.791,HIL
Australia,1997-03-09,David  Coulthard ,McLaren Mercedes,58.0,1:30:28.718,COU
Brazil,1997-03-30,Jacques  Villeneuve ,Williams Renault,72.0,1:36:06.990,VIL
Argentina,1997-04-13,Jacques  Villeneuve ,Williams Renault,72.0,1:52:01.715,VIL
San Marino,1997-04-27,Heinz-Harald  Frentzen ,Williams Renault,62.0,1:31:00.673,FRE
Monaco,1997-05-11,Michael  Schumacher ,Ferrari,62.0,2:00:05.654,MSC
Spain,1997-05-25,Jacques  Villeneuve ,Williams Renault,64.0,1:30:35.896,VIL
Canada,1997-06-15,Michael  Schumacher ,Ferrari,54.0,1:17:40.646,MSC
France,1997-06-29,Michael  Schumacher ,Ferrari,72.0,1:38:50.492,MSC
Great Britain,1997-07-13,Jacques  Villeneuve ,Williams Renault,59.0,1:28:01.665,VIL
Germany,1997-07-27,Gerhard  Berger ,Benetton Renault,45.0,1:20:59.046,BER
Hungary,1997-08-10,Jacques  Villeneuve ,Williams Renault,77.0,1:45:47.149,VIL
Belgium,1997-08-24,Michael  Schumacher ,Ferrari,44.0,1:33:46.717,MSC
Italy,1997-09-07,David  Coulthard ,McLaren Mercedes,53.0,1:17:04.609,COU
Austria,1997-09-21,Jacques  Villeneuve ,Williams Renault,71.0,1:27:35.999,VIL
Luxembourg,1997-09-28,Jacques  Villeneuve ,Williams Renault,67.0,1:31:27.843,VIL
Japan,1997-10-12,Michael  Schumacher ,Ferrari,53.0,1:29:48.446,MSC
Europe,1997-10-26,Mika  Hakkinen ,McLaren Mercedes,69.0,1:38:57.771,HAK
Australia,1998-03-08,Mika  Hakkinen ,McLaren Mercedes,58.0,1:31:45.996,HAK
Brazil,1998-03-29,Mika  Hakkinen ,McLaren Mercedes,72.0,1:37:11.747,HAK
Argentina,1998-04-12,Michael  Schumacher ,Ferrari,72.0,1:48:36.175,MSC
San Marino,1998-04-26,David  Coulthard ,McLaren Mercedes,62.0,1:34:24.593,COU
Spain,1998-05-10,Mika  Hakkinen ,McLaren Mercedes,65.0,1:33:37.621,HAK
Monaco,1998-05-24,Mika  Hakkinen ,McLaren Mercedes,78.0,1:51:23.595,HAK
Canada,1998-06-07,Michael  Schumacher ,Ferrari,69.0,1:40:57.355,MSC
France,1998-06-28,Michael  Schumacher ,Ferrari,71.0,1:34:45.026,MSC
Great Britain,1998-07-12,Michael  Schumacher ,Ferrari,60.0,1:47:02.450,MSC
Austria,1998-07-26,Mika  Hakkinen ,McLaren Mercedes,71.0,1:30:44.086,HAK
Germany,1998-08-02,Mika  Hakkinen ,McLaren Mercedes,45.0,1:20:47.984,HAK
Hungary,1998-08-16,Michael  Schumacher ,Ferrari,77.0,1:45:25.550,MSC
Belgium,1998-08-30,Damon  Hill ,Jordan Mugen Honda,44.0,1:43:47.407,HIL
Italy,1998-09-13,Michael  Schumacher ,Ferrari,53.0,1:17:09.672,MSC
Luxembourg,1998-09-27,Mika  Hakkinen ,McLaren Mercedes,67.0,1:32:14.789,HAK
Japan,1998-11-01,Mika  Hakkinen ,McLaren Mercedes,51.0,1:27:22.535,HAK
Australia,1999-03-07,Eddie  Irvine ,Ferrari,57.0,1:35:01.659,IRV
Brazil,1999-04-11,Mika  Hakkinen ,McLaren Mercedes,72.0,1:36:03.785,HAK
San Marino,1999-05-02,Michael  Schumacher ,Ferrari,62.0,1:33:44.792,MSC
Monaco,1999-05-16,Michael  Schumacher ,Ferrari,78.0,1:49:31.812,MSC
Spain,1999-05-30,Mika  Hakkinen ,McLaren Mercedes,65.0,1:34:13.665,HAK
Canada,1999-06-13,Mika  Hakkinen ,McLaren Mercedes,69.0,1:41:35.727,HAK
France,1999-06-27,Heinz-Harald  Frentzen ,Jordan Mugen Honda,72.0,1:58:24.343,FRE
Great Britain,1999-07-11,David  Coulthard ,McLaren Mercedes,60.0,1:32:30.144,COU
Austria,1999-07-25,Eddie  Irvine ,Ferrari,71.0,1:28:12.438,IRV
Germany,1999-08-01,Eddie  Irvine ,Ferrari,45.0,1:21:58.594,IRV
Hungary,1999-08-15,Mika  Hakkinen ,McLaren Mercedes,77.0,1:46:23.536,HAK
Belgium,1999-08-29,David  Coulthard ,McLaren Mercedes,44.0,1:25:43.057,COU
Italy,1999-09-12,Heinz-Harald  Frentzen ,Jordan Mugen Honda,53.0,1:17:02.923,FRE
Europe,1999-09-26,Johnny  Herbert ,Stewart Ford,66.0,1:41:54.314,HER
Malaysia,1999-10-17,Eddie  Irvine ,Ferrari,56.0,1:36:38.494,IRV
Japan,1999-10-31,Mika  Hakkinen ,McLaren Mercedes,53.0,1:31:18.785,HAK
Australia,2000-03-12,Michael  Schumacher ,Ferrari,58.0,1:34:01.987,MSC
Brazil,2000-03-26,Michael  Schumacher ,Ferrari,71.0,1:31:35.271,MSC
San Marino,2000-04-09,Michael  Schumacher ,Ferrari,62.0,1:31:39.776,MSC
Great Britain,2000-04-23,David  Coulthard ,McLaren Mercedes,60.0,1:28:50.108,COU
Spain,2000-05-07,Mika  Hakkinen ,McLaren Mercedes,65.0,1:33:55.390,HAK
Europe,2000-05-21,Michael  Schumacher ,Ferrari,67.0,1:42:00.307,MSC
Monaco,2000-06-04,David  Coulthard ,McLaren Mercedes,78.0,1:49:28.213,COU
Canada,2000-06-18,Michael  Schumacher ,Ferrari,69.0,1:41:12.313,MSC
France,2000-07-02,David  Coulthard ,McLaren Mercedes,72.0,1:38:05.538,COU
Austria,2000-07-16,Mika  Hakkinen ,McLaren Mercedes,71.0,1:28:15.818,HAK
Germany,2000-07-30,Rubens  Barrichello ,Ferrari,45.0,1:25:34.418,BAR
Hungary,2000-08-13,Mika  Hakkinen ,McLaren Mercedes,77.0,1:45:33.869,HAK
Belgium,2000-08-27,Mika  Hakkinen ,McLaren Mercedes,44.0,1:28:14.494,HAK
Italy,2000-09-10,Michael  Schumacher ,Ferrari,53.0,1:27:31.638,MSC
United States,2000-09-24,Michael  Schumacher ,Ferrari,73.0,1:36:30.883,MSC
Japan,2000-10-08,Michael  Schumacher ,Ferrari,53.0,1:29:53.435,MSC
Malaysia,2000-10-22,Michael  Schumacher ,Ferrari,56.0,1:35:54.235,MSC
Australia,2001-03-04,Michael  Schumacher ,Ferrari,58.0,1:38:26.533,MSC
Malaysia,2001-03-18,Michael  Schumacher ,Ferrari,55.0,1:47:34.801,MSC
Brazil,2001-04-01,David  Coulthard ,McLaren Mercedes,71.0,1:39:00.834,COU
San Marino,2001-04-15,Ralf  Schumacher ,Williams BMW,62.0,1:30:44.817,RSC
Spain,2001-04-29,Michael  Schumacher ,Ferrari,65.0,1:31:03.305,MSC
Austria,2001-05-13,David  Coulthard ,McLaren Mercedes,71.0,1:27:45.927,COU
Monaco,2001-05-27,Michael  Schumacher ,Ferrari,78.0,1:47:22.561,MSC
Canada,2001-06-10,Ralf  Schumacher ,Williams BMW,69.0,1:34:31.522,RSC
Europe,2001-06-24,Michael  Schumacher ,Ferrari,67.0,1:29:42.724,MSC
France,2001-07-01,Michael  Schumacher ,Ferrari,72.0,1:33:35.636,MSC
Great Britain,2001-07-15,Mika  Hakkinen ,McLaren Mercedes,60.0,1:25:33.770,HAK
Germany,2001-07-29,Ralf  Schumacher ,Williams BMW,45.0,1:18:17.873,RSC
Hungary,2001-08-19,Michael  Schumacher ,Ferrari,77.0,1:41:49.675,MSC
Belgium,2001-09-02,Michael  Schumacher ,Ferrari,36.0,1:08:05.002,MSC
Italy,2001-09-16,Juan Pablo  Montoya ,Williams BMW,53.0,1:16:58.493,MOY
United States,2001-09-30,Mika  Hakkinen ,McLaren Mercedes,73.0,1:32:42.840,HAK
Japan,2001-10-14,Michael  Schumacher ,Ferrari,53.0,1:27:33.298,MSC
Australia,2002-03-03,Michael  Schumacher ,Ferrari,58.0,1:35:36.792,MSC
Malaysia,2002-03-17,Ralf  Schumacher ,Williams BMW,56.0,1:34:12.912,RSC
Brazil,2002-03-31,Michael  Schumacher ,Ferrari,71.0,1:31:43.663,MSC
San Marino,2002-04-14,Michael  Schumacher ,Ferrari,62.0,1:29:10.789,MSC
Spain,2002-04-28,Michael  Schumacher ,Ferrari,65.0,1:30:29.981,MSC
Austria,2002-05-12,Michael  Schumacher ,Ferrari,71.0,1:33:51.562,MSC
Monaco,2002-05-26,David  Coulthard ,McLaren Mercedes,78.0,1:45:39.055,COU
Canada,2002-06-09,Michael  Schumacher ,Ferrari,70.0,1:33:36.111,MSC
Europe,2002-06-23,Rubens  Barrichello ,Ferrari,60.0,1:35:07.426,BAR
Great Britain,2002-07-07,Michael  Schumacher ,Ferrari,60.0,1:31:45.015,MSC
France,2002-07-21,Michael  Schumacher ,Ferrari,72.0,1:32:09.837,MSC
Germany,2002-07-28,Michael  Schumacher ,Ferrari,67.0,1:27:52.078,MSC
Hungary,2002-08-18,Rubens  Barrichello ,Ferrari,77.0,1:41:49.001,BAR
Belgium,2002-09-01,Michael  Schumacher ,Ferrari,44.0,1:21:20.634,MSC
Italy,2002-09-15,Rubens  Barrichello ,Ferrari,53.0,1:16:19.982,BAR
United States,2002-09-29,Rubens  Barrichello ,Ferrari,73.0,1:31:07.934,BAR
Japan,2002-10-13,Michael  Schumacher ,Ferrari,53.0,1:26:59.698,MSC
Australia,2003-03-09,David  Coulthard ,McLaren Mercedes,58.0,1:34:42.124,COU
Malaysia,2003-03-23,Kimi  RÃ¤ikkÃ¶nen ,McLaren Mercedes,56.0,1:32:22.195,RAI
Brazil,2003-04-06,Giancarlo  Fisichella ,Jordan Ford,54.0,1:31:17.748,FIS
San Marino,2003-04-20,Michael  Schumacher ,Ferrari,62.0,1:28:12.058,MSC
Spain,2003-05-04,Michael  Schumacher ,Ferrari,65.0,1:33:46.933,MSC
Austria,2003-05-18,Michael  Schumacher ,Ferrari,69.0,1:24:04.888,MSC
Monaco,2003-06-01,Juan Pablo  Montoya ,Williams BMW,78.0,1:42:19.010,MOY
Canada,2003-06-15,Michael  Schumacher ,Ferrari,70.0,1:31:13.591,MSC
Europe,2003-06-29,Ralf  Schumacher ,Williams BMW,60.0,1:34:43.622,RSC
France,2003-07-06,Ralf  Schumacher ,Williams BMW,70.0,1:30:49.213,RSC
Great Britain,2003-07-20,Rubens  Barrichello ,Ferrari,60.0,1:28:37.554,BAR
Germany,2003-08-03,Juan Pablo  Montoya ,Williams BMW,67.0,1:28:48.769,MOY
Hungary,2003-08-24,Fernando  Alonso ,Renault,70.0,1:39:01.460,ALO
Italy,2003-09-14,Michael  Schumacher ,Ferrari,53.0,1:14:19.838,MSC
United States,2003-09-28,Michael  Schumacher ,Ferrari,73.0,1:33:35.997,MSC
Japan,2003-10-12,Rubens  Barrichello ,Ferrari,53.0,1:25:11.743,BAR
Australia,2004-03-07,Michael  Schumacher ,Ferrari,58.0,1:24:15.757,MSC
Malaysia,2004-03-21,Michael  Schumacher ,Ferrari,56.0,1:31:07.490,MSC
Bahrain,2004-04-04,Michael  Schumacher ,Ferrari,57.0,1:28:34.875,MSC
San Marino,2004-04-25,Michael  Schumacher ,Ferrari,62.0,1:26:19.670,MSC
Spain,2004-05-09,Michael  Schumacher ,Ferrari,66.0,1:27:32.841,MSC
Monaco,2004-05-23,Jarno  Trulli ,Renault,77.0,1:45:46.601,TRU
Europe,2004-05-30,Michael  Schumacher ,Ferrari,60.0,1:32:35.101,MSC
Canada,2004-06-13,Michael  Schumacher ,Ferrari,70.0,1:28:24.803,MSC
United States,2004-06-20,Michael  Schumacher ,Ferrari,73.0,1:40:29.914,MSC
France,2004-07-04,Michael  Schumacher ,Ferrari,70.0,1:30:18.133,MSC
Great Britain,2004-07-11,Michael  Schumacher ,Ferrari,60.0,1:24:42.700,MSC
Germany,2004-07-25,Michael  Schumacher ,Ferrari,66.0,1:23:54.848,MSC
Hungary,2004-08-15,Michael  Schumacher ,Ferrari,70.0,1:35:26.131,MSC
Belgium,2004-08-29,Kimi  RÃ¤ikkÃ¶nen ,McLaren Mercedes,44.0,1:32:35.274,RAI
Italy,2004-09-12,Rubens  Barrichello ,Ferrari,53.0,1:15:18.448,BAR
China,2004-09-26,Rubens  Barrichello ,Ferrari,56.0,1:29:12.420,BAR
Japan,2004-10-10,Michael  Schumacher ,Ferrari,53.0,1:24:26.985,MSC
Brazil,2004-10-24,Juan Pablo  Montoya ,Williams BMW,71.0,1:28:01.451,MOY
Australia,2005-03-06,Giancarlo  Fisichella ,Renault,57.0,1:24:17.336,FIS
Malaysia,2005-03-20,Fernando  Alonso ,Renault,56.0,1:31:33.736,ALO
Bahrain,2005-04-03,Fernando  Alonso ,Renault,57.0,1:29:18.531,ALO
San Marino,2005-04-24,Fernando  Alonso ,Renault,62.0,1:27:41.921,ALO
Spain,2005-05-08,Kimi  RÃ¤ikkÃ¶nen ,McLaren Mercedes,66.0,1:27:16.830,RAI
Monaco,2005-05-22,Kimi  RÃ¤ikkÃ¶nen ,McLaren Mercedes,78.0,1:45:15.556,RAI
Europe,2005-05-29,Fernando  Alonso ,Renault,59.0,1:31:46.648,ALO
Canada,2005-06-12,Kimi  RÃ¤ikkÃ¶nen ,McLaren Mercedes,70.0,1:32:09.290,RAI
United States,2005-06-19,Michael  Schumacher ,Ferrari,73.0,1:29:43.181,MSC
France,2005-07-03,Fernando  Alonso ,Renault,70.0,1:31:22.233,ALO
Great Britain,2005-07-10,Juan Pablo  Montoya ,McLaren Mercedes,60.0,1:24:29.588,MOY
Germany,2005-07-24,Fernando  Alonso ,Renault,67.0,1:26:28.599,ALO
Hungary,2005-07-31,Kimi  RÃ¤ikkÃ¶nen ,McLaren Mercedes,70.0,1:37:25.552,RAI
Turkey,2005-08-21,Kimi  RÃ¤ikkÃ¶nen ,McLaren Mercedes,58.0,1:24:34.454,RAI
Italy,2005-09-04,Juan Pablo  Montoya ,McLaren Mercedes,53.0,1:14:28.659,MOY
Belgium,2005-09-11,Kimi  RÃ¤ikkÃ¶nen ,McLaren Mercedes,44.0,1:30:01.295,RAI
Brazil,2005-09-25,Juan Pablo  Montoya ,McLaren Mercedes,71.0,1:29:20.574,MOY
Japan,2005-10-09,Kimi  RÃ¤ikkÃ¶nen ,McLaren Mercedes,53.0,1:29:02.212,RAI
China,2005-10-16,Fernando  Alonso ,Renault,56.0,1:39:53.618,ALO
Bahrain,2006-03-12,Fernando  Alonso ,Renault,57.0,1:29:46.205,ALO
Malaysia,2006-03-19,Giancarlo  Fisichella ,Renault,56.0,1:30:40.529,FIS
Australia,2006-04-02,Fernando  Alonso ,Renault,57.0,1:34:27.870,ALO
San Marino,2006-04-23,Michael  Schumacher ,Ferrari,62.0,1:31:06.486,MSC
Europe,2006-05-07,Michael  Schumacher ,Ferrari,60.0,1:35:58.765,MSC
Spain,2006-05-14,Fernando  Alonso ,Renault,66.0,1:26:21.759,ALO
Monaco,2006-05-28,Fernando  Alonso ,Renault,78.0,1:43:43.116,ALO
Great Britain,2006-06-11,Fernando  Alonso ,Renault,60.0,1:25:51.927,ALO
Canada,2006-06-25,Fernando  Alonso ,Renault,70.0,1:34:37.308,ALO
United States,2006-07-02,Michael  Schumacher ,Ferrari,73.0,1:34:35.199,MSC
France,2006-07-16,Michael  Schumacher ,Ferrari,70.0,1:32:07.803,MSC
Germany,2006-07-30,Michael  Schumacher ,Ferrari,67.0,1:27:51.693,MSC
Hungary,2006-08-06,Jenson  Button ,Honda,70.0,1:52:20.941,BUT
Turkey,2006-08-27,Felipe  Massa ,Ferrari,58.0,1:28:51.082,MAS
Italy,2006-09-10,Michael  Schumacher ,Ferrari,53.0,1:14:51.975,MSC
China,2006-10-01,Michael  Schumacher ,Ferrari,56.0,1:37:32.747,MSC
Japan,2006-10-08,Fernando  Alonso ,Renault,53.0,1:23:53.413,ALO
Brazil,2006-10-22,Felipe  Massa ,Ferrari,71.0,1:31:53.751,MAS
Australia,2007-03-18,Kimi  RÃ¤ikkÃ¶nen ,Ferrari,58.0,1:25:28.770,RAI
Malaysia,2007-04-08,Fernando  Alonso ,McLaren Mercedes,56.0,1:32:14.930,ALO
Bahrain,2007-04-15,Felipe  Massa ,Ferrari,57.0,1:33:27.515,MAS
Spain,2007-05-13,Felipe  Massa ,Ferrari,65.0,1:31:36.230,MAS
Monaco,2007-05-27,Fernando  Alonso ,McLaren Mercedes,78.0,1:40:29.329,ALO
Canada,2007-06-10,Lewis  Hamilton ,McLaren Mercedes,70.0,1:44:11.292,HAM
United States,2007-06-17,Lewis  Hamilton ,McLaren Mercedes,73.0,1:31:09.965,HAM
France,2007-07-01,Kimi  RÃ¤ikkÃ¶nen ,Ferrari,70.0,1:30:54.200,RAI
Great Britain,2007-07-08,Kimi  RÃ¤ikkÃ¶nen ,Ferrari,59.0,1:21:43.074,RAI
Europe,2007-07-22,Fernando  Alonso ,McLaren Mercedes,60.0,2:06:26.358,ALO
Hungary,2007-08-05,Lewis  Hamilton ,McLaren Mercedes,70.0,1:35:52.991,HAM
Turkey,2007-08-26,Felipe  Massa ,Ferrari,58.0,1:26:42.161,MAS
Italy,2007-09-09,Fernando  Alonso ,McLaren Mercedes,53.0,1:18:37.806,ALO
Belgium,2007-09-16,Kimi  RÃ¤ikkÃ¶nen ,Ferrari,44.0,1:20:39.066,RAI
Japan,2007-09-30,Lewis  Hamilton ,McLaren Mercedes,67.0,2:00:34.579,HAM
China,2007-10-07,Kimi  RÃ¤ikkÃ¶nen ,Ferrari,56.0,1:37:58.395,RAI
Brazil,2007-10-21,Kimi  RÃ¤ikkÃ¶nen ,Ferrari,71.0,1:28:15.270,RAI
Australia,2008-03-16,Lewis  Hamilton ,McLaren Mercedes,58.0,1:34:50.616,HAM
Malaysia,2008-03-23,Kimi  RÃ¤ikkÃ¶nen ,Ferrari,56.0,1:31:18.555,RAI
Bahrain,2008-04-06,Felipe  Massa ,Ferrari,57.0,1:31:06.970,MAS
Spain,2008-04-27,Kimi  RÃ¤ikkÃ¶nen ,Ferrari,66.0,1:38:19.051,RAI
Turkey,2008-05-11,Felipe  Massa ,Ferrari,58.0,1:26:49.451,MAS
Monaco,2008-05-25,Lewis  Hamilton ,McLaren Mercedes,76.0,2:00:42.742,HAM
Canada,2008-06-08,Robert  Kubica ,Sauber BMW,70.0,1:36:24.447,KUB
France,2008-06-22,Felipe  Massa ,Ferrari,70.0,1:31:50.245,MAS
Great Britain,2008-07-06,Lewis  Hamilton ,McLaren Mercedes,60.0,1:39:09.440,HAM
Germany,2008-07-20,Lewis  Hamilton ,McLaren Mercedes,67.0,1:31:20.874,HAM
Hungary,2008-08-03,Heikki  Kovalainen ,McLaren Mercedes,70.0,1:37:27.067,KOV
Europe,2008-08-24,Felipe  Massa ,Ferrari,57.0,1:35:32.339,MAS
Belgium,2008-09-07,Felipe  Massa ,Ferrari,44.0,1:22:59.394,MAS
Italy,2008-09-14,Sebastian  Vettel ,STR Ferrari,53.0,1:26:47.494,VET
Singapore,2008-09-28,Fernando  Alonso ,Renault,61.0,1:57:16.304,ALO
Japan,2008-10-12,Fernando  Alonso ,Renault,67.0,1:30:21.892,ALO
China,2008-10-19,Lewis  Hamilton ,McLaren Mercedes,56.0,1:31:57.403,HAM
Brazil,2008-11-02,Felipe  Massa ,Ferrari,71.0,1:34:11.435,MAS
Australia,2009-03-29,Jenson  Button ,Brawn Mercedes,58.0,1:34:15.784,BUT
Malaysia,2009-04-05,Jenson  Button ,Brawn Mercedes,31.0,55:30.622,BUT
China,2009-04-19,Sebastian  Vettel ,RBR Renault,56.0,1:57:43.485,VET
Bahrain,2009-04-26,Jenson  Button ,Brawn Mercedes,57.0,1:31:48.182,BUT
Spain,2009-05-10,Jenson  Button ,Brawn Mercedes,66.0,1:37:19.202,BUT
Monaco,2009-05-24,Jenson  Button ,Brawn Mercedes,78.0,1:40:44.282,BUT
Turkey,2009-06-07,Jenson  Button ,Brawn Mercedes,58.0,1:26:24.848,BUT
Great Britain,2009-06-21,Sebastian  Vettel ,RBR Renault,60.0,1:22:49.328,VET
Germany,2009-07-12,Mark  Webber ,RBR Renault,60.0,1:36:43.310,WEB
Hungary,2009-07-26,Lewis  Hamilton ,McLaren Mercedes,70.0,1:38:23.876,HAM
Europe,2009-08-23,Rubens  Barrichello ,Brawn Mercedes,57.0,1:35:51.289,BAR
Belgium,2009-08-30,Kimi  RÃ¤ikkÃ¶nen ,Ferrari,44.0,1:23:50.995,RAI
Italy,2009-09-13,Rubens  Barrichello ,Brawn Mercedes,53.0,1:16:21.706,BAR
Singapore,2009-09-27,Lewis  Hamilton ,McLaren Mercedes,61.0,1:56:06.337,HAM
Japan,2009-10-04,Sebastian  Vettel ,RBR Renault,53.0,1:28:20.443,VET
Brazil,2009-10-18,Mark  Webber ,RBR Renault,71.0,1:32:23.081,WEB
Abu Dhabi,2009-11-01,Sebastian  Vettel ,RBR Renault,55.0,1:34:03.414,VET
Bahrain,2010-03-14,Fernando  Alonso ,Ferrari,49.0,1:39:20.396,ALO
Australia,2010-03-28,Jenson  Button ,McLaren Mercedes,58.0,1:33:36.531,BUT
Malaysia,2010-04-04,Sebastian  Vettel ,RBR Renault,56.0,1:33:48.412,VET
China,2010-04-18,Jenson  Button ,McLaren Mercedes,56.0,1:46:42.163,BUT
Spain,2010-05-09,Mark  Webber ,RBR Renault,66.0,1:35:44.101,WEB
Monaco,2010-05-16,Mark  Webber ,RBR Renault,78.0,1:50:13.355,WEB
Turkey,2010-05-30,Lewis  Hamilton ,McLaren Mercedes,58.0,1:28:47.620,HAM
Canada,2010-06-13,Lewis  Hamilton ,McLaren Mercedes,70.0,1:33:53.456,HAM
Europe,2010-06-27,Sebastian  Vettel ,RBR Renault,57.0,1:40:29.571,VET
Great Britain,2010-07-11,Mark  Webber ,RBR Renault,52.0,1:24:38.200,WEB
Germany,2010-07-25,Fernando  Alonso ,Ferrari,67.0,1:27:38.864,ALO
Hungary,2010-08-01,Mark  Webber ,RBR Renault,70.0,1:41:05.571,WEB
Belgium,2010-08-29,Lewis  Hamilton ,McLaren Mercedes,44.0,1:29:04.268,HAM
Italy,2010-09-12,Fernando  Alonso ,Ferrari,53.0,1:16:24.572,ALO
Singapore,2010-09-26,Fernando  Alonso ,Ferrari,61.0,1:57:53.579,ALO
Japan,2010-10-10,Sebastian  Vettel ,RBR Renault,53.0,1:30:27.323,VET
South Korea,2010-10-24,Fernando  Alonso ,Ferrari,55.0,2:48:20.810,ALO
Brazil,2010-11-07,Sebastian  Vettel ,RBR Renault,71.0,1:33:11.803,VET
Abu Dhabi,2010-11-14,Sebastian  Vettel ,RBR Renault,55.0,1:39:36.837,VET
Australia,2011-03-27,Sebastian  Vettel ,Red Bull Racing Renault,58.0,1:29:30.259,VET
Malaysia,2011-04-10,Sebastian  Vettel ,Red Bull Racing Renault,56.0,1:37:39.832,VET
China,2011-04-17,Lewis  Hamilton ,McLaren Mercedes,56.0,1:36:58.226,HAM
Turkey,2011-05-08,Sebastian  Vettel ,Red Bull Racing Renault,58.0,1:30:17.558,VET
Spain,2011-05-22,Sebastian  Vettel ,Red Bull Racing Renault,66.0,1:39:03.301,VET
Monaco,2011-05-29,Sebastian  Vettel ,Red Bull Racing Renault,78.0,2:09:38.373,VET
Canada,2011-06-12,Jenson  Button ,McLaren Mercedes,70.0,4:04:39.537,BUT
Europe,2011-06-26,Sebastian  Vettel ,Red Bull Racing Renault,57.0,1:39:36.169,VET
Great Britain,2011-07-10,Fernando  Alonso ,Ferrari,52.0,1:28:41.196,ALO
Germany,2011-07-24,Lewis  Hamilton ,McLaren Mercedes,60.0,1:37:30.334,HAM
Hungary,2011-07-31,Jenson  Button ,McLaren Mercedes,70.0,1:46:42.337,BUT
Belgium,2011-08-28,Sebastian  Vettel ,Red Bull Racing Renault,44.0,1:26:44.893,VET
Italy,2011-09-11,Sebastian  Vettel ,Red Bull Racing Renault,53.0,1:20:46.172,VET
Singapore,2011-09-25,Sebastian  Vettel ,Red Bull Racing Renault,61.0,1:59:06.757,VET
Japan,2011-10-09,Jenson  Button ,McLaren Mercedes,53.0,1:30:53.427,BUT
South Korea,2011-10-16,Sebastian  Vettel ,Red Bull Racing Renault,55.0,1:38:01.994,VET
India,2011-10-30,Sebastian  Vettel ,Red Bull Racing Renault,60.0,1:30:35.002,VET
Abu Dhabi,2011-11-13,Lewis  Hamilton ,McLaren Mercedes,55.0,1:37:11.886,HAM
Brazil,2011-11-27,Mark  Webber ,Red Bull Racing Renault,71.0,1:32:17.464,WEB
Australia,2012-03-18,Jenson  Button ,McLaren Mercedes,58.0,1:34:09.565,BUT
Malaysia,2012-03-25,Fernando  Alonso ,Ferrari,56.0,2:44:51.812,ALO
China,2012-04-15,Nico  Rosberg ,Mercedes,56.0,1:36:26.929,ROS
Bahrain,2012-04-22,Sebastian  Vettel ,Red Bull Racing Renault,57.0,1:35:10.990,VET
Spain,2012-05-13,Pastor  Maldonado ,Williams Renault,66.0,1:39:09.145,MAL
Monaco,2012-05-27,Mark  Webber ,Red Bull Racing Renault,78.0,1:46:06.557,WEB
Canada,2012-06-10,Lewis  Hamilton ,McLaren Mercedes,70.0,1:32:29.586,HAM
Europe,2012-06-24,Fernando  Alonso ,Ferrari,57.0,1:44:16.649,ALO
Great Britain,2012-07-08,Mark  Webber ,Red Bull Racing Renault,52.0,1:25:11.288,WEB
Germany,2012-07-22,Fernando  Alonso ,Ferrari,67.0,1:31:05.862,ALO
Hungary,2012-07-29,Lewis  Hamilton ,McLaren Mercedes,69.0,1:41:05.503,HAM
Belgium,2012-09-02,Jenson  Button ,McLaren Mercedes,44.0,1:29:08.530,BUT
Italy,2012-09-09,Lewis  Hamilton ,McLaren Mercedes,53.0,1:19:41.221,HAM
Singapore,2012-09-23,Sebastian  Vettel ,Red Bull Racing Renault,59.0,2:00:26.144,VET
Japan,2012-10-07,Sebastian  Vettel ,Red Bull Racing Renault,53.0,1:28:56.242,VET
South Korea,2012-10-14,Sebastian  Vettel ,Red Bull Racing Renault,55.0,1:36:28.651,VET
India,2012-10-28,Sebastian  Vettel ,Red Bull Racing Renault,60.0,1:31:10.744,VET
Abu Dhabi,2012-11-04,Kimi  RÃ¤ikkÃ¶nen ,Lotus Renault,55.0,1:45:58.667,RAI
United States,2012-11-18,Lewis  Hamilton ,McLaren Mercedes,56.0,1:35:55.269,HAM
Brazil,2012-11-25,Jenson  Button ,McLaren Mercedes,71.0,1:45:22.656,BUT
Australia,2013-03-17,Kimi  RÃ¤ikkÃ¶nen ,Lotus Renault,58.0,1:30:03.225,RAI
Malaysia,2013-03-24,Sebastian  Vettel ,Red Bull Racing Renault,56.0,1:38:56.681,VET
China,2013-04-14,Fernando  Alonso ,Ferrari,56.0,1:36:26.945,ALO
Bahrain,2013-04-21,Sebastian  Vettel ,Red Bull Racing Renault,57.0,1:36:00.498,VET
Spain,2013-05-12,Fernando  Alonso ,Ferrari,66.0,1:39:16.596,ALO
Monaco,2013-05-26,Nico  Rosberg ,Mercedes,78.0,2:17:52.056,ROS
Canada,2013-06-09,Sebastian  Vettel ,Red Bull Racing Renault,70.0,1:32:09.143,VET
Great Britain,2013-06-30,Nico  Rosberg ,Mercedes,52.0,1:32:59.456,ROS
Germany,2013-07-07,Sebastian  Vettel ,Red Bull Racing Renault,60.0,1:41:14.711,VET
Hungary,2013-07-28,Lewis  Hamilton ,Mercedes,70.0,1:42:29.445,HAM
Belgium,2013-08-25,Sebastian  Vettel ,Red Bull Racing Renault,44.0,1:23:42.196,VET
Italy,2013-09-08,Sebastian  Vettel ,Red Bull Racing Renault,53.0,1:18:33.352,VET
Singapore,2013-09-22,Sebastian  Vettel ,Red Bull Racing Renault,61.0,1:59:13.132,VET
South Korea,2013-10-06,Sebastian  Vettel ,Red Bull Racing Renault,55.0,1:43:13.701,VET
Japan,2013-10-13,Sebastian  Vettel ,Red Bull Racing Renault,53.0,1:26:49.301,VET
India,2013-10-27,Sebastian  Vettel ,Red Bull Racing Renault,60.0,1:31:12.187,VET
Abu Dhabi,2013-11-03,Sebastian  Vettel ,Red Bull Racing Renault,55.0,1:38:06.106,VET
United States,2013-11-17,Sebastian  Vettel ,Red Bull Racing Renault,56.0,1:39:17.148,VET
Brazil,2013-11-24,Sebastian  Vettel ,Red Bull Racing Renault,71.0,1:32:36.300,VET
Australia,2014-03-16,Nico  Rosberg ,Mercedes,57.0,1:32:58.710,ROS
Malaysia,2014-03-30,Lewis  Hamilton ,Mercedes,56.0,1:40:25.974,HAM
Bahrain,2014-04-06,Lewis  Hamilton ,Mercedes,57.0,1:39:42.743,HAM
China,2014-04-20,Lewis  Hamilton ,Mercedes,54.0,1:33:28.338,HAM
Spain,2014-05-11,Lewis  Hamilton ,Mercedes,66.0,1:41:05.155,HAM
Monaco,2014-05-25,Nico  Rosberg ,Mercedes,78.0,1:49:27.661,ROS
Canada,2014-06-08,Daniel  Ricciardo ,Red Bull Racing Renault,70.0,1:39:12.830,RIC
Austria,2014-06-22,Nico  Rosberg ,Mercedes,71.0,1:27:54.976,ROS
Great Britain,2014-07-06,Lewis  Hamilton ,Mercedes,52.0,2:26:52.094,HAM
Germany,2014-07-20,Nico  Rosberg ,Mercedes,67.0,1:33:42.914,ROS
Hungary,2014-07-27,Daniel  Ricciardo ,Red Bull Racing Renault,70.0,1:53:05.058,RIC
Belgium,2014-08-24,Daniel  Ricciardo ,Red Bull Racing Renault,44.0,1:24:36.556,RIC
Italy,2014-09-07,Lewis  Hamilton ,Mercedes,53.0,1:19:10.236,HAM
Singapore,2014-09-21,Lewis  Hamilton ,Mercedes,60.0,2:00:04.795,HAM
Japan,2014-10-05,Lewis  Hamilton ,Mercedes,44.0,1:51:43.021,HAM
Russia,2014-10-21,Lewis  Hamilton ,Mercedes,53.0,1:31:50.744,HAM
United States,2014-11-02,Lewis  Hamilton ,Mercedes,56.0,1:40:04.785,HAM
Brazil,2014-11-09,Nico  Rosberg ,Mercedes,71.0,1:30:02.555,ROS
Abu Dhabi,2014-11-23,Lewis  Hamilton ,Mercedes,55.0,1:39:02.619,HAM
Australia,2015-03-15,Lewis  Hamilton ,Mercedes,58.0,1:31:54.067,HAM
Malaysia,2015-03-29,Sebastian  Vettel ,Ferrari,56.0,1:41:05.793,VET
China,2015-04-12,Lewis  Hamilton ,Mercedes,56.0,1:39:42.008,HAM
Bahrain,2015-04-19,Lewis  Hamilton ,Mercedes,57.0,1:35:05.809,HAM
Spain,2015-05-10,Nico  Rosberg ,Mercedes,66.0,1:41:12.555,ROS
Monaco,2015-05-24,Nico  Rosberg ,Mercedes,78.0,1:49:18.420,ROS
Canada,2015-06-07,Lewis  Hamilton ,Mercedes,70.0,1:31:53.145,HAM
Austria,2015-06-21,Nico  Rosberg ,Mercedes,71.0,1:30:16.930,ROS
Great Britain,2015-07-05,Lewis  Hamilton ,Mercedes,52.0,1:31:27.729,HAM
Hungary,2015-07-26,Sebastian  Vettel ,Ferrari,69.0,1:46:09.985,VET
Belgium,2015-08-23,Lewis  Hamilton ,Mercedes,43.0,1:23:40.387,HAM
Italy,2015-09-06,Lewis  Hamilton ,Mercedes,53.0,1:18:00.688,HAM
Singapore,2015-09-20,Sebastian  Vettel ,Ferrari,61.0,2:01:22.118,VET
Japan,2015-09-27,Lewis  Hamilton ,Mercedes,53.0,1:28:06.508,HAM
Russia,2015-10-11,Lewis  Hamilton ,Mercedes,53.0,1:37:11.024,HAM
United States,2015-10-25,Lewis  Hamilton ,Mercedes,56.0,1:50:52.703,HAM
Mexico,2015-11-01,Nico  Rosberg ,Mercedes,71.0,1:42:35.038,ROS
Brazil,2015-11-15,Nico  Rosberg ,Mercedes,71.0,1:31:09.090,ROS
Abu Dhabi,2015-11-29,Nico  Rosberg ,Mercedes,55.0,1:38:30.175,ROS
Australia,2016-03-20,Nico  Rosberg ,Mercedes,57.0,1:48:15.565,ROS
Bahrain,2016-04-03,Nico  Rosberg ,Mercedes,57.0,1:33:34.696,ROS
China,2016-04-17,Nico  Rosberg ,Mercedes,56.0,1:38:53.891,ROS
Russia,2016-05-01,Nico  Rosberg ,Mercedes,53.0,1:32:41.997,ROS
Spain,2016-05-15,Max  Verstappen ,Red Bull Racing TAG Heuer,66.0,1:41:40.017,VES
Monaco,2016-05-29,Lewis  Hamilton ,Mercedes,78.0,1:59:29.133,HAM
Canada,2016-06-12,Lewis  Hamilton ,Mercedes,70.0,1:31:05.296,HAM
Europe,2016-06-19,Nico  Rosberg ,Mercedes,51.0,1:32:52.366,ROS
Austria,2016-07-03,Lewis  Hamilton ,Mercedes,71.0,1:27:38.107,HAM
Great Britain,2016-07-10,Lewis  Hamilton ,Mercedes,52.0,1:34:55.831,HAM
Hungary,2016-07-24,Lewis  Hamilton ,Mercedes,70.0,1:40:30.115,HAM
Germany,2016-07-31,Lewis  Hamilton ,Mercedes,67.0,1:30:44.200,HAM
Belgium,2016-08-28,Nico  Rosberg ,Mercedes,44.0,1:44:51.058,ROS
Italy,2016-09-04,Nico  Rosberg ,Mercedes,53.0,1:17:28.089,ROS
Singapore,2016-09-18,Nico  Rosberg ,Mercedes,61.0,1:55:48.950,ROS
Malaysia,2016-10-02,Daniel  Ricciardo ,Red Bull Racing TAG Heuer,56.0,1:37:12.776,RIC
Japan,2016-10-09,Nico  Rosberg ,Mercedes,53.0,1:26:43.333,ROS
United States,2016-10-23,Lewis  Hamilton ,Mercedes,56.0,1:38:12.618,HAM
Mexico,2016-10-30,Lewis  Hamilton ,Mercedes,71.0,1:40:31.402,HAM
Brazil,2016-11-13,Lewis  Hamilton ,Mercedes,71.0,3:01:01.335,HAM
Abu Dhabi,2016-11-27,Lewis  Hamilton ,Mercedes,55.0,1:38:04.013,HAM
Australia,2017-03-26,Sebastian  Vettel ,Ferrari,57.0,1:24:11.672,VET
China,2017-04-09,Lewis  Hamilton ,Mercedes,56.0,1:37:36.158,HAM
Bahrain,2017-04-16,Sebastian  Vettel ,Ferrari,57.0,1:33:53.374,VET
Russia,2017-04-30,Valtteri Bottas ,Mercedes,52.0,1:28:08.743,BOT
Spain,2017-05-14,Lewis  Hamilton ,Mercedes,66.0,1:35:56.497,HAM
Monaco,2017-05-28,Sebastian  Vettel ,Ferrari,78.0,1:44:44.340,VET
Canada,2017-06-11,Lewis  Hamilton ,Mercedes,70.0,1:33:05.154,HAM
Azerbaijan,2017-06-25,Daniel  Ricciardo ,Red Bull Racing TAG Heuer,51.0,2:03:55.573,RIC
Austria,2017-07-09,Valtteri Bottas ,Mercedes,71.0,1:21:48.523,BOT
Great Britain,2017-07-16,Lewis  Hamilton ,Mercedes,51.0,1:21:27.430,HAM
Hungary,2017-07-30,Sebastian  Vettel ,Ferrari,70.0,1:39:46.713,VET
Belgium,2017-08-27,Lewis  Hamilton ,Mercedes,44.0,1:24:42.820,HAM
Italy,2017-09-03,Lewis  Hamilton ,Mercedes,53.0,1:15:32.312,HAM
Singapore,2017-09-17,Lewis  Hamilton ,Mercedes,58.0,2:03:23.544,HAM
Malaysia,2017-10-01,Max  Verstappen ,Red Bull Racing TAG Heuer,56.0,1:30:01.290,VER
Japan,2017-10-08,Lewis  Hamilton ,Mercedes,53.0,1:27:31.194,HAM
United States,2017-10-22,Lewis  Hamilton ,Mercedes,56.0,1:33:50.991,HAM
Mexico,2017-10-29,Max  Verstappen ,Red Bull Racing TAG Heuer,71.0,1:36:26.552,VER
Brazil,2017-11-12,Sebastian  Vettel ,Ferrari,71.0,1:31:26.262,VET
Abu Dhabi,2017-11-26,Valtteri Bottas ,Mercedes,55.0,1:34:14.062,BOT
Australia,2018-03-25,Sebastian  Vettel ,Ferrari,58.0,1:29:33.283,VET
Bahrain,2018-04-08,Sebastian  Vettel ,Ferrari,57.0,1:32:01.940,VET
China,2018-04-15,Daniel  Ricciardo ,Red Bull Racing TAG Heuer,56.0,1:35:36.380,RIC
Azerbaijan,2018-04-29,Lewis  Hamilton ,Mercedes,51.0,1:43:44.291,HAM
Spain,2018-05-13,Lewis  Hamilton ,Mercedes,66.0,1:35:29.972,HAM
Monaco,2018-05-27,Daniel  Ricciardo ,Red Bull Racing TAG Heuer,78.0,1:42:54.807,RIC
Canada,2018-06-10,Sebastian  Vettel ,Ferrari,68.0,1:28:31.377,VET
France,2018-06-24,Lewis  Hamilton ,Mercedes,53.0,1:30:11.385,HAM
Austria,2018-07-01,Max  Verstappen ,Red Bull Racing TAG Heuer,71.0,1:21:56.024,VER
Great Britain,2018-07-08,Sebastian  Vettel ,Ferrari,52.0,1:27:29.784,VET
Germany,2018-07-22,Lewis  Hamilton ,Mercedes,67.0,1:32:29.845,HAM
Hungary,2018-07-29,Lewis  Hamilton ,Mercedes,70.0,1:37:16.427,HAM
Belgium,2018-08-26,Sebastian  Vettel ,Ferrari,44.0,1:23:34.476,VET
Italy,2018-09-02,Lewis  Hamilton ,Mercedes,53.0,1:16:54.484,HAM
Singapore,2018-09-16,Lewis  Hamilton ,Mercedes,61.0,1:51:11.611,HAM
Russia,2018-09-30,Lewis  Hamilton ,Mercedes,53.0,1:27:25.181,HAM
Japan,2018-10-07,Lewis  Hamilton ,Mercedes,53.0,1:27:17.062,HAM
United States,2018-10-21,Kimi  RÃ¤ikkÃ¶nen ,Ferrari,56.0,1:34:18.643,RAI
Mexico,2018-10-28,Max  Verstappen ,Red Bull Racing TAG Heuer,71.0,1:38:28.851,VER
Brazil,2018-11-11,Lewis  Hamilton ,Mercedes,71.0,1:27:09.066,HAM
Abu Dhabi,2018-11-25,Lewis  Hamilton ,Mercedes,55.0,1:39:40.382,HAM
Australia,2019-03-17,Valtteri  Bottas ,Mercedes,58.0,1:25:27.325,BOT
Bahrain,2019-03-31,Lewis  Hamilton ,Mercedes,57.0,1:34:21.295,HAM
China,2019-04-14,Lewis  Hamilton ,Mercedes,56.0,1:32:06.350,HAM
Azerbaijan,2019-04-28,Valtteri  Bottas ,Mercedes,51.0,1:31:52.942,BOT
Spain,2019-05-12,Lewis  Hamilton ,Mercedes,66.0,1:35:50.443,HAM
Monaco,2019-05-26,Lewis  Hamilton ,Mercedes,78.0,1:43:28.437,HAM
Canada,2019-06-09,Lewis  Hamilton ,Mercedes,70.0,1:29:07.084,HAM
France,2019-06-23,Lewis  Hamilton ,Mercedes,53.0,1:24:31.198,HAM
Austria,2019-06-30,Max  Verstappen ,Red Bull Racing Honda,71.0,1:22:01.822,VER
Great Britain,2019-07-14,Lewis  Hamilton ,Mercedes,52.0,1:21:08.452,HAM
Germany,2019-07-28,Max  Verstappen ,Red Bull Racing Honda,64.0,1:44:31.275,VER
Hungary,2019-08-04,Lewis  Hamilton ,Mercedes,70.0,1:35:03.796,HAM
Belgium,2019-09-01,Charles  Leclerc ,Ferrari,44.0,1:23:45.710,LEC
Italy,2019-09-08,Charles  Leclerc ,Ferrari,53.0,1:15:26.665,LEC
Singapore,2019-09-22,Sebastian  Vettel ,Ferrari,61.0,1:58:33.667,VET
Russia,2019-09-29,Lewis  Hamilton ,Mercedes,53.0,1:33:38.992,HAM
Japan,2019-10-13,Valtteri  Bottas ,Mercedes,52.0,1:21:46.755,BOT
Mexico,2019-10-27,Lewis  Hamilton ,Mercedes,71.0,1:36:48.904,HAM
United States,2019-11-03,Valtteri  Bottas ,Mercedes,56.0,1:33:55.653,BOT
Brazil,2019-11-17,Max  Verstappen ,Red Bull Racing Honda,71.0,1:33:14.678,VER
Abu Dhabi,2019-12-01,Lewis  Hamilton ,Mercedes,55.0,1:34:05.715,HAM
Austria,2020-07-05,Valtteri  Bottas ,Mercedes,71.0,1:30:55.739,BOT
Styria,2020-07-12,Lewis  Hamilton ,Mercedes,71.0,1:22:50.683,HAM
Hungary,2020-07-19,Lewis  Hamilton ,Mercedes,70.0,1:36:12.473,HAM
Great Britain,2020-08-02,Lewis  Hamilton ,Mercedes,52.0,1:28:01.283,HAM
70th Anniversary,2020-08-09,Max  Verstappen ,Red Bull Racing Honda,52.0,1:19:41.993,VER
Spain,2020-08-16,Lewis  Hamilton ,Mercedes,66.0,1:31:45.279,HAM
Belgium,2020-08-30,Lewis  Hamilton ,Mercedes,44.0,1:24:08.761,HAM
Italy,2020-09-06,Pierre  Gasly ,AlphaTauri Honda,53.0,1:47:06.056,GAS
Tuscany,2020-09-13,Lewis  Hamilton ,Mercedes,59.0,2:19:35.060,HAM
Russia,2020-09-27,Valtteri  Bottas ,Mercedes,53.0,1:34:00.364,BOT
Eifel,2020-10-11,Lewis  Hamilton ,Mercedes,60.0,1:35:49.641,HAM
Portugal,2020-10-25,Lewis  Hamilton ,Mercedes,66.0,1:29:56.828,HAM
Emilia Romagna,2020-11-01,Lewis  Hamilton ,Mercedes,63.0,1:28:32.430,HAM
Turkey,2020-11-15,Lewis  Hamilton ,Mercedes,58.0,1:42:19.313,HAM
Bahrain,2020-11-29,Lewis  Hamilton ,Mercedes,57.0,2:59:47.515,HAM
Sakhir,2020-12-06,Sergio  Perez ,Racing Point BWT Mercedes,87.0,1:31:15.114,PER
Abu Dhabi,2020-12-13,Max  Verstappen ,Red Bull Racing Honda,55.0,1:36:28.645,VER
Bahrain,2021-03-28,Lewis  Hamilton ,Mercedes,56.0,1:32:03.897,HAM
Emilia Romagna,2021-04-18,Max  Verstappen ,Red Bull Racing Honda,63.0,2:02:34.598,VER
Portugal,2021-05-02,Lewis  Hamilton ,Mercedes,66.0,1:34:31.421,HAM
Spain,2021-05-09,Lewis  Hamilton ,Mercedes,66.0,1:33:07.680,HAM
Monaco,2021-05-23,Max  Verstappen ,Red Bull Racing Honda,78.0,1:38:56.820,VER
Azerbaijan,2021-06-06,Sergio  Perez ,Red Bull Racing Honda,51.0,2:13:36.410,PER
France,2021-06-20,Max  Verstappen ,Red Bull Racing Honda,53.0,1:27:25.770,VER
Styria,2021-06-27,Max  Verstappen ,Red Bull Racing Honda,71.0,1:22:18.925,VER
Austria,2021-07-04,Max  Verstappen ,Red Bull Racing Honda,71.0,1:23:54.543,VER
Great Britain,2021-07-18,Lewis  Hamilton ,Mercedes,52.0,1:58:23.284,HAM
Hungary,2021-08-01,Esteban  Ocon ,Alpine Renault,70.0,2:04:43.199,OCO
Belgium,2021-08-29,Max  Verstappen ,Red Bull Racing Honda,1.0,0:03:27.071,VER
Netherlands,2021-09-05,Max  Verstappen ,Red Bull Racing Honda,72.0,1:30:05.395,VER
Italy,2021-09-12,Daniel  Ricciardo ,McLaren Mercedes,53.0,1:21:54.365,RIC
Russia,2021-09-26,Lewis  Hamilton ,Mercedes,53.0,1:30:41.001,HAM
Turkey,2021-10-10,Valtteri  Bottas ,Mercedes,58.0,1:31:04.103,BOT
United States,2021-10-24,Max  Verstappen ,Red Bull Racing Honda,56.0,1:34:36.552,VER
Mexico,2021-11-07,Max  Verstappen ,Red Bull Racing Honda,71.0,1:38:39.086,VER
Brazil,2021-11-14,Lewis  Hamilton ,Mercedes,71.0,1:32:22.851,HAM
Qatar,2021-11-21,Lewis  Hamilton ,Mercedes,57.0,1:24:28.471,HAM
Saudi Arabia,2021-12-05,Lewis  Hamilton ,Mercedes,50.0,2:06:15.118,HAM
Abu Dhabi,2021-12-12,Max  Verstappen ,Red Bull Racing Honda,58.0,1:30:17.345,VER
Bahrain,2022-03-20,Charles  Leclerc ,Ferrari,57.0,1:37:33.584,LEC
Saudi Arabia,2022-03-27,Max  Verstappen ,Red Bull Racing RBPT,50.0,1:24:19.293,VER
Australia,2022-04-10,Charles  Leclerc ,Ferrari,58.0,1:27:46.548,LEC
Emilia Romagna,2022-04-24,Max  Verstappen ,Red Bull Racing RBPT,63.0,1:32:07.986,VER
Miami,2022-05-08,Max  Verstappen ,Red Bull Racing RBPT,57.0,1:34:24.258,VER
Spain,2022-05-22,Max  Verstappen ,Red Bull Racing RBPT,66.0,1:37:20.475,VER
Monaco,2022-05-29,Sergio  Perez ,Red Bull Racing RBPT,64.0,1:56:30.265,PER
Azerbaijan,2022-06-12,Max  Verstappen ,Red Bull Racing RBPT,51.0,1:34:05.941,VER
Canada,2022-06-19,Max  Verstappen ,Red Bull Racing RBPT,70.0,1:36:21.757,VER
Great Britain,2022-07-03,Carlos  Sainz ,Ferrari,52.0,2:17:50.311,SAI
Austria,2022-07-10,Charles  Leclerc ,Ferrari,71.0,1:24:24.312,LEC
France,2022-07-24,Max  Verstappen ,Red Bull Racing RBPT,53.0,1:30:02.112,VER
Hungary,2022-07-31,Max  Verstappen ,Red Bull Racing RBPT,70.0,1:39:35.912,VER
Belgium,2022-08-28,Max  Verstappen ,Red Bull Racing RBPT,44.0,1:25:52.894,VER
Netherlands,2022-09-04,Max  Verstappen ,Red Bull Racing RBPT,72.0,1:36:42.773,VER
Italy,2022-09-11,Max  Verstappen ,Red Bull Racing RBPT,53.0,1:20:27.511,VER
Singapore,2022-10-02,Sergio  Perez ,Red Bull Racing RBPT,59.0,2:02:20.238,PER
Japan,2022-10-09,Max  Verstappen ,Red Bull Racing RBPT,28.0,3:01:44.004,VER
United States,2022-10-23,Max  Verstappen ,Red Bull Racing RBPT,56.0,1:42:11.687,VER
Mexico,2022-10-30,Max  Verstappen ,Red Bull Racing RBPT,71.0,1:38:36.729,VER
Brazil,2022-11-13,George  Russell ,Mercedes,71.0,1:38:34.044,RUS
Abu Dhabi,2022-11-20,Max  Verstappen ,Red Bull Racing RBPT,58.0,1:27:45.914,VER
Bahrain,2023-03-05,Max  Verstappen ,Red Bull Racing Honda RBPT,57.0,1:33:56.736,VER
Saudi Arabia,2023-03-19,Sergio  Perez ,Red Bull Racing Honda RBPT,50.0,1:21:14.894,PER
Australia,2023-04-02,Max  Verstappen ,Red Bull Racing Honda RBPT,58.0,2:32:38.371,VER
Azerbaijan,2023-04-30,Sergio  Perez ,Red Bull Racing Honda RBPT,51.0,1:32:42.436,PER
Miami,2023-05-07,Max  Verstappen ,Red Bull Racing Honda RBPT,57.0,1:27:38.241,VER
Monaco,2023-05-28,Max  Verstappen ,Red Bull Racing Honda RBPT,78.0,1:48:51.980,VER
Spain,2023-06-04,Max  Verstappen ,Red Bull Racing Honda RBPT,66.0,1:27:57.940,VER
Canada,2023-06-18,Max  Verstappen ,Red Bull Racing Honda RBPT,70.0,1:33:58.348,VER
Austria,2023-07-02,Max  Verstappen ,Red Bull Racing Honda RBPT,71.0,1:25:33.607,VER
Great Britain,2023-07-09,Max  Verstappen ,Red Bull Racing Honda RBPT,52.0,1:25:16.938,VER
Hungary,2023-07-23,Max  Verstappen ,Red Bull Racing Honda RBPT,70.0,1:38:08.634,VER
Belgium,2023-07-30,Max  Verstappen ,Red Bull Racing Honda RBPT,44.0,1:22:30.450,VER
Netherlands,2023-08-27,Max  Verstappen ,Red Bull Racing Honda RBPT,72.0,2:24:04.411,VER
Italy,2023-09-03,Max  Verstappen ,Red Bull Racing Honda RBPT,51.0,1:13:41.143,VER
Singapore,2023-09-17,Carlos  Sainz ,Ferrari,62.0,1:46:37.418,SAI
Japan,2023-09-24,Max  Verstappen ,Red Bull Racing Honda RBPT,53.0,1:30:58.421,VER
Qatar,2023-10-08,Max  Verstappen ,Red Bull Racing Honda RBPT,57.0,1:27:39.168,VER
United States,2023-10-22,Max  Verstappen ,Red Bull Racing Honda RBPT,56.0,1:35:21.362,VER
Mexico,2023-10-29,Max  Verstappen ,Red Bull Racing Honda RBPT,71.0,2:02:30.814,VER
Brazil,2023-11-05,Max  Verstappen ,Red Bull Racing Honda RBPT,71.0,1:56:48.894,VER
Las Vegas,2023-11-18,Max  Verstappen ,Red Bull Racing Honda RBPT,50.0,1:29:08.289,VER
Abu Dhabi,2023-11-26,Max  Verstappen ,Red Bull Racing Honda RBPT,58.0,1:27:02.624,VER
Bahrain,2024-03-02,Max  Verstappen ,Red Bull Racing Honda RBPT,57.0,1:31:44.742,VER
Saudi Arabia,2024-03-09,Max  Verstappen ,Red Bull Racing Honda RBPT,50.0,1:20:43.273,VER
Australia,2024-03-24,Carlos  Sainz ,Ferrari,58.0,1:20:26.843,SAI
Japan,2024-04-07,Max  Verstappen ,Red Bull Racing Honda RBPT,53.0,1:54:23.566,VER
China,2024-04-21,Max  Verstappen ,Red Bull Racing Honda RBPT,56.0,1:40:52.554,VER
Miami,2024-05-05,Lando  Norris ,McLaren Mercedes,57.0,1:30:49.876,NOR
